title,category_id,views,likes,comments,date
"성시경 with friends '자,오늘은' Teaser l 12월 30일 금요일 밤 11시 20분 SBS",22,88491,4546,534,2022-12-15T05:00:02Z
[성시경 노래] 44. 잊혀지는 것들에 대하여 l Sung Si Kyung Music,10,252149,11516,1682,2022-11-30T09:00:09Z
"[성시경 콘서트] '자, 오늘은' 비하인드",22,170436,6184,536,2022-09-15T09:00:13Z
[성시경 노래] 43. 넌 감동이었어 l Sung Si Kyung Music,10,1078201,19540,1977,2022-08-06T09:00:11Z
"[성시경 노래] 31~40 모아듣기 l Sung Si Kyung Music l 거리에서, 그 자리에 그 시간에, 편지, 이 바보야, 늘 그대, 인사",10,393657,6883,587,2022-08-17T09:00:21Z
[성시경 노래] 42. 미소천사 l Sung Si Kyung Music,10,291224,11741,1883,2022-07-28T09:00:12Z
[성시경 노래] 41. 여전히 아늑해 (With.규현) l Sung Si Kyung Music,10,436430,14962,1298,2022-07-18T09:00:12Z
[성시경 노래] 40. 그 자리에 그 시간에 l Sung Si Kyung Music,10,476065,12376,1619,2022-07-11T09:00:15Z
"[성시경 노래] 21~30 모아듣기 l Sung Si Kyung Music l 희재, 너의 모든 순간, 우린 제법 잘 어울려요, 나였으면, 내게 오는길",22,1159336,17412,1010,2022-05-23T09:00:25Z
[성시경 노래] 39. 인사 l Sung Si Kyung Music,10,297457,9032,763,2022-05-18T09:00:17Z
[성시경 노래] 38. 늘 그대 l Sung Si Kyung Music,10,468921,13761,1098,2022-05-09T09:00:13Z
[성시경 노래] 37. 거리에서 l Sung Si Kyung Music,10,795192,15182,1423,2022-05-02T09:00:12Z
[성시경 노래] 36. 끝에 l Sung Si Kyung Music,10,231469,7810,845,2022-04-26T09:00:11Z
[성시경 노래] 35. 이 바보야 (With.정승환) l Sung Si Kyung Music,10,1118475,27611,2023,2022-04-18T09:00:14Z
[성시경 노래] 34. 편지 l Sung Si Kyung Music,10,824489,18019,1644,2022-04-14T09:00:13Z
[성시경 노래] 33. Who do you love.. l Sung Si Kyung Music,10,210920,6870,738,2022-04-11T09:00:10Z
[성시경 노래] 32. 당신은 참.. l Sung Si Kyung Music,10,287626,8413,780,2022-04-04T09:00:13Z
[성시경 노래] 31. 안녕 나의 사랑 l Sung Si Kyung Music,10,651591,13411,1394,2022-03-31T09:00:14Z
[성시경 노래] 30. 내게 오는 길 l Sung Si Kyung Music,10,1476061,22946,2156,2022-03-28T09:00:08Z
[성시경 노래] 29. 1994년 어느 늦은 밤 (With.장혜진) l Sung Si Kyung Music,10,971459,20880,1447,2022-03-24T09:00:12Z
"[성시경 노래] 11~20 모아듣기 l Sung Si Kyung Music l 그리움, 잊지 말기로 해, 태양계, 아리랑, 눈부신 고백, 사랑이 늦어서 미안해, 한번 더 이별",10,633450,9517,589,2022-03-21T09:00:11Z
[성시경 노래] 26. 나였으면 (With.나윤권) l Sung Si Kyung Music,10,3943639,65908,5525,2022-03-03T03:00:10Z
"[성시경 노래] 1~10 모아듣기 l Sung Si Kyung Music l 처음, 바람 그대, 두 사람, 너는 나의 봄이다, 차마, 좋을텐데, 외워두세요",10,1180817,20024,1269,2022-03-14T03:00:15Z
[성시경 노래] 28. Something Stupid (With.안신애) l Sung Si Kyung Music,10,237295,8838,797,2022-03-10T03:00:12Z
"[성시경 노래] 27. 오, 사랑 l Sung Si Kyung Music",10,195620,7304,660,2022-03-07T03:00:13Z
[성시경 노래] 25. 우린 제법 잘 어울려요 l Sung Si Kyung Music,10,408865,10766,1158,2022-02-28T03:00:27Z
[성시경 노래] 24. 너의 모든 순간 l Sung Si Kyung Music,10,2178922,33469,2781,2022-02-24T03:00:12Z
[성시경 노래] 23. Dying Man (With.하림) l Sung Si Kyung Music,10,302818,8405,1025,2022-02-21T03:00:12Z
[성시경 노래] 22. You've Got A Friend l Sung Si Kyung Music,10,200095,6898,697,2022-02-17T03:00:13Z
[성시경 노래] 21. 희재 l Sung Si Kyung Music,10,5151056,76731,6486,2022-02-14T03:00:11Z
[성시경 노래] 20. あの頃へ (그때로) l Sung Si Kyung Music - Ano Koroe,10,244326,6862,694,2022-02-10T03:00:28Z
[성시경 노래] 19. 한번 더 이별 l Sung Si Kyung Music,10,1985340,27859,2237,2022-02-07T03:00:08Z
[성시경 노래] 18. 사랑이 늦어서 미안해 (With.김조한) l Sung Si Kyung Music,10,3276509,49185,5010,2022-02-03T03:00:16Z
[성시경 노래] 17. My One and Only Love (With. 김광민) l Sung Si Kyung Music,10,233450,7838,709,2022-01-31T03:00:13Z
[성시경 노래] 16. 눈부신 고백 l Sung Si Kyung Music,10,676655,13876,1507,2022-01-27T03:00:13Z
[성시경 노래] 15. 아리랑 l Sung Si Kyung Music,10,169697,6249,666,2022-01-24T03:00:12Z
[성시경 노래] 14. 태양계 l Sung Si Kyung Music,10,538326,15551,1435,2022-01-20T03:00:12Z
[성시경 노래] 13. 잊지 말기로 해 (With.장필순) l Sung Si Kyung Music,10,998712,23890,1834,2022-01-17T03:00:09Z
[성시경 노래] 12. When You Look in My Eyes l Sung Si Kyung Music,10,296358,8120,905,2022-01-13T03:00:12Z
[성시경 노래] 11. 그리움 l Sung Si Kyung Music,10,308739,7967,792,2022-01-10T03:00:14Z
[성시경 노래] 10. 외워두세요 l Sung Si Kyung Music,10,635302,13035,1557,2022-01-06T03:00:14Z
[성시경 노래] 9. 좋을텐데 l Sung Si Kyung Music,10,541051,17045,1561,2022-01-03T03:00:13Z
[성시경 노래] 8. 차마... l Sung Si Kyung Music,22,1499764,22748,2466,2021-12-30T03:00:09Z
[성시경 노래] 7. 너를 사랑해 (With.한동준)  l Sung Si Kyung Music,10,485757,15967,1557,2021-12-27T05:00:13Z
[성시경 노래] 6. 비처럼 음악처럼 l Sung Si Kyung Music,22,499314,12701,1667,2021-12-23T03:30:13Z
"[성시경 노래] 5. 소박했던, 행복했던 l Sung Si Kyung Music",10,448461,11950,1386,2021-12-20T03:00:14Z
[성시경 노래] 4. 너는 나의 봄이다 l Sung Si Kyung Music,10,1633433,26432,2301,2021-12-16T03:00:13Z
[성시경 노래] 3. 두 사람 l Sung Si Kyung music,10,1583263,29201,2798,2021-12-13T03:00:11Z
[성시경 노래] 2. 바람 그대 l Sung Si Kyung music,10,337010,11528,1319,2021-12-09T03:00:13Z
[성시경 노래] 1. 처음 l Sung Si Kyung music - It's you,22,417355,16041,1906,2021-12-06T03:00:13Z
[LIVE] 성시경 ’I LOVE U’ Band Live Ver. | Sung Si Kyung ‘I LOVE U’ Band Live Ver.,10,419346,13709,1630,2021-08-01T03:00:13Z
성시경 ’우리 한 때 사랑한 건’ Live Clip |  Sung Si Kyung ‘That we were once in love’,10,812696,13392,1013,2021-06-07T01:00:04Z
성시경 ’방랑자’ Live Clip |  Sung Si Kyung ‘Wanderer’,10,412670,8905,866,2021-06-07T01:00:06Z
성시경  ’Mom and dad’ Live Clip |  Sung Si Kyung ’Mom and dad’,10,175720,4360,379,2021-06-07T01:00:03Z
Melody by 玉置浩二,22,199457,5718,664,2021-03-14T12:16:12Z
Have yourself a merry little Christmas 🎄,10,182826,8290,1287,2020-12-22T11:18:12Z
[성시경 노래] 19. 한번 더 이별 l Sung Si Kyung Music,10,1985340,27859,2237,2022-02-07T03:00:08Z
[성시경 노래] 18. 사랑이 늦어서 미안해 (With.김조한) l Sung Si Kyung Music,10,3276509,49185,5010,2022-02-03T03:00:16Z
[성시경 노래] 17. My One and Only Love (With. 김광민) l Sung Si Kyung Music,10,233450,7838,709,2022-01-31T03:00:13Z
[성시경 노래] 16. 눈부신 고백 l Sung Si Kyung Music,10,676655,13876,1507,2022-01-27T03:00:13Z
[성시경 노래] 15. 아리랑 l Sung Si Kyung Music,10,169697,6249,666,2022-01-24T03:00:12Z
[성시경 노래] 14. 태양계 l Sung Si Kyung Music,10,538326,15551,1435,2022-01-20T03:00:12Z
[성시경 노래] 13. 잊지 말기로 해 (With.장필순) l Sung Si Kyung Music,10,998712,23890,1834,2022-01-17T03:00:09Z
[성시경 노래] 12. When You Look in My Eyes l Sung Si Kyung Music,10,296358,8120,905,2022-01-13T03:00:12Z
[성시경 노래] 11. 그리움 l Sung Si Kyung Music,10,308739,7967,792,2022-01-10T03:00:14Z
[성시경 노래] 10. 외워두세요 l Sung Si Kyung Music,10,635302,13035,1557,2022-01-06T03:00:14Z
[성시경 노래] 9. 좋을텐데 l Sung Si Kyung Music,10,541051,17045,1561,2022-01-03T03:00:13Z
[성시경 노래] 8. 차마... l Sung Si Kyung Music,22,1499764,22748,2466,2021-12-30T03:00:09Z
[성시경 노래] 7. 너를 사랑해 (With.한동준)  l Sung Si Kyung Music,10,485757,15967,1557,2021-12-27T05:00:13Z
[성시경 노래] 6. 비처럼 음악처럼 l Sung Si Kyung Music,22,499314,12701,1667,2021-12-23T03:30:13Z
"[성시경 노래] 5. 소박했던, 행복했던 l Sung Si Kyung Music",10,448461,11950,1386,2021-12-20T03:00:14Z
[성시경 노래] 4. 너는 나의 봄이다 l Sung Si Kyung Music,10,1633433,26432,2301,2021-12-16T03:00:13Z
[성시경 노래] 3. 두 사람 l Sung Si Kyung music,10,1583263,29201,2798,2021-12-13T03:00:11Z
[성시경 노래] 2. 바람 그대 l Sung Si Kyung music,10,337010,11528,1319,2021-12-09T03:00:13Z
[성시경 노래] 1. 처음 l Sung Si Kyung music - It's you,22,417355,16041,1906,2021-12-06T03:00:13Z
[LIVE] 성시경 ’I LOVE U’ Band Live Ver. | Sung Si Kyung ‘I LOVE U’ Band Live Ver.,10,419346,13709,1630,2021-08-01T03:00:13Z
성시경 ’우리 한 때 사랑한 건’ Live Clip |  Sung Si Kyung ‘That we were once in love’,10,812696,13392,1013,2021-06-07T01:00:04Z
성시경 ’방랑자’ Live Clip |  Sung Si Kyung ‘Wanderer’,10,412670,8905,866,2021-06-07T01:00:06Z
성시경  ’Mom and dad’ Live Clip |  Sung Si Kyung ’Mom and dad’,10,175720,4360,379,2021-06-07T01:00:03Z
Melody by 玉置浩二,22,199457,5718,664,2021-03-14T12:16:12Z
Have yourself a merry little Christmas 🎄,10,182826,8290,1287,2020-12-22T11:18:12Z
