channelTitle,title,category_id,views,likes,comments,tags,publishedAt
마라는대로 MaRa Music,마크툽(MAKTUB) - 눈의 꽃(雪の華) cover by 마라는대로 MaRa Music ll 🔥마크툽 커버 맛집🔥 감자탕에 뼈 사리 추가해서 볶음밥 까지 먹어야 하는 수준👍,10,8686,369,142,"['마크툽 눈의 꽃', '마크툽 눈의 꽃 커버', '눈의 꽃 커버', '마라뮤직', '마라는대로', '마라는대로 커버', '마크툽 메들리', '말하는대로 마크툽', '말하는대로 커버', '마크툽', '이라온', '마크툽 이라온', '마크툽 커버', '마크툽 라이브', '이라온 커버', '마크툽 마라는대로', '찰나가 영원이 될 때 커버', '마크툽 찰나가 영원이 될 때', '마크툽 찰나가 영원이 될 때 커버', '마크툽 너를 부르는 바람', '너를 부르는 바람 커버', '마크툽 너를 부르는 바람 커버', '비로소 너에게 도착했다', '비로소 너에게 도착했다 커버', '마크툽 비로소 너에게 도착했다 커버', '마크툽 오늘도 빛나는 너에게', '마크툽 오늘도 빛나는 너에게 커버', '오늘도 빛나는 너에게', '오늘도 빛나는 너에게 커버', '오늘도 빛나는 너에게 라이브', '마크툽 휘슬', '두유노마크툽', '이수 your lights', '보컬 트레이닝', '보컬 레슨', '테이 눈의 꽃', '박효신 눈의 꽃']",2023-01-11T12:00:11Z
마라는대로 MaRa Music,엠씨더맥스(M.C the MAX) - 흩어지지 않게 cover by 마라는대로 MaRa Music ll 🏆엠씨더맥스 '너의 흔적' 커버 콘테스트 우승팀 클라스🏆 급발진 3단 고음🔥,10,22801,469,116,"['엠씨더맥스 흩어지지 않게', '엠씨더맥스 흩어지지 않게 커버', '흩어지지 않게 커버', '흩어지지 않게 cover', '마라뮤직', '마라는대로', '마라는대로 커버', '마크툽 메들리', '말하는대로 마크툽', '말하는대로 커버', '마크툽', '이라온', '마크툽 이라온', '마크툽 커버', '마크툽 라이브', '이라온 커버', '마크툽 마라는대로', '찰나가 영원이 될 때 커버', '마크툽 찰나가 영원이 될 때', '마크툽 찰나가 영원이 될 때 커버', '마크툽 너를 부르는 바람', '너를 부르는 바람 커버', '마크툽 너를 부르는 바람 커버', '비로소 너에게 도착했다', '비로소 너에게 도착했다 커버', '마크툽 비로소 너에게 도착했다 커버', '마크툽 오늘도 빛나는 너에게', '마크툽 오늘도 빛나는 너에게 커버', '오늘도 빛나는 너에게', '오늘도 빛나는 너에게 커버', '오늘도 빛나는 너에게 라이브', '마크툽 휘슬', '두유노마크툽', '이수 your lights', '보컬 트레이닝', '보컬 레슨']",2022-12-16T11:00:08Z
마라는대로 MaRa Music,임한별 - 떠나보낼 준비해 둘걸 그랬어 cover by 마라는대로 MaRa Music ll 쌀별이형 섭외를 기원하며 🔥4옥 레샾 휘슬🔥을 바칩니다.,10,37407,741,239,"['임한별 떠나보낼 준비해 둘걸 그랬어', '임한별 커버', '임한별 떠나보낼 준비해 될걸 그랬어', '임한별 떠나보낼 준비해 둘걸 그랬어 커버', '임한별 떠나보낼 준비해 될걸 그랬어 커버', '마라뮤직', '마라는대로', '마라는대로 커버', '마크툽 메들리', '마크툽', '이라온', '마크툽 이라온', '마크툽 커버', '마크툽 라이브', '이라온 커버', '마크툽 마라는대로', '찰나가 영원이 될 때 커버', '마크툽 찰나가 영원이 될 때', '마크툽 찰나가 영원이 될 때 커버', '마크툽 너를 부르는 바람', '너를 부르는 바람 커버', '마크툽 너를 부르는 바람 커버', '비로소 너에게 도착했다', '비로소 너에게 도착했다 커버', '마크툽 비로소 너에게 도착했다 커버', '마크툽 오늘도 빛나는 너에게', '마크툽 오늘도 빛나는 너에게 커버', '오늘도 빛나는 너에게', '오늘도 빛나는 너에게 커버', '오늘도 빛나는 너에게 라이브', '마크툽 휘슬', '두유노마크툽', '보컬 트레이닝', '보컬 레슨', '보컬 트레이닝 전후', '보컬 비포 애프터']",2022-11-18T12:00:10Z
마라는대로 MaRa Music,마크툽(MAKTUB) - 익산으로(2022) 🔥커버 콘테스트 1등🔥 cover by 마라는대로 MaRa Music,10,11636,300,117,"['익산으로', '마크툽 익산으로', '마크툽 익산으로 커버', '마라뮤직', '마라는대로', '마라는대로 커버', '마크툽 메들리', '마크툽', '이라온', '마크툽 이라온', '마크툽 커버', '마크툽 라이브', '이라온 커버', '마크툽 마라는대로', '찰나가 영원이 될 때 커버', '마크툽 찰나가 영원이 될 때', '마크툽 찰나가 영원이 될 때 커버', '마크툽 너를 부르는 바람', '너를 부르는 바람 커버', '마크툽 너를 부르는 바람 커버', '비로소 너에게 도착했다', '비로소 너에게 도착했다 커버', '마크툽 비로소 너에게 도착했다 커버', '마크툽 오늘도 빛나는 너에게', '마크툽 오늘도 빛나는 너에게 커버', '오늘도 빛나는 너에게', '오늘도 빛나는 너에게 커버', '오늘도 빛나는 너에게 라이브', '마크툽 휘슬', '두유노마크툽', '이수 your lights', '보컬 트레이닝', '보컬 레슨', '보컬 트레이닝 전후', '보컬 비포 애프터']",2022-11-01T11:00:10Z
마라는대로 MaRa Music,진민호 - 반만 cover by 마라는대로 MaRa Music ll 안녕하세요 편집자 입니다. 저도 이렇게 노래 부르고 싶은데 얘네가 안 가르쳐줍니다. 그럼 20000🖐,10,17133,303,76,"['진민호 반만', '진민호 반만 커버', '반만 커버', '마라뮤직', '마라는대로', '마라는대로 커버', '마크툽 메들리', '마크툽', '이라온', '마크툽 이라온', '마크툽 커버', '마크툽 라이브', '이라온 커버', '마크툽 마라는대로', '찰나가 영원이 될 때 커버', '마크툽 찰나가 영원이 될 때', '마크툽 찰나가 영원이 될 때 커버', '마크툽 너를 부르는 바람', '너를 부르는 바람 커버', '마크툽 너를 부르는 바람 커버', '비로소 너에게 도착했다', '비로소 너에게 도착했다 커버', '마크툽 비로소 너에게 도착했다 커버', '마크툽 오늘도 빛나는 너에게', '마크툽 오늘도 빛나는 너에게 커버', '오늘도 빛나는 너에게', '오늘도 빛나는 너에게 커버', '오늘도 빛나는 너에게 라이브', '마크툽 휘슬', '두유노마크툽', '이수 your lights', '보컬 트레이닝', '보컬 레슨', '보컬 트레이닝 전후', '보컬 비포 애프터']",2022-10-27T12:00:10Z
마라는대로 MaRa Music,하현우(음악대장) - Lazenca Save Us cover by 마라는대로 MaRa Music ll 이 사람들 🔥3옥타브 라#🔥을 지르는데 사람인가요?..,10,25672,1019,170,"['하현우 라젠카', '하연우 복면가왕', '하현우 lazenca save us', '라젠카 세이브 어스 커버', '마라뮤직', '마라는대로', '마라는대로 커버', '마크툽 메들리', '마크툽', '이라온', '마크툽 이라온', '마크툽 커버', '마크툽 라이브', '이라온 커버', '마크툽 마라는대로', '찰나가 영원이 될 때 커버', '마크툽 찰나가 영원이 될 때', '마크툽 찰나가 영원이 될 때 커버', '마크툽 너를 부르는 바람', '너를 부르는 바람 커버', '마크툽 너를 부르는 바람 커버', '비로소 너에게 도착했다', '비로소 너에게 도착했다 커버', '마크툽 비로소 너에게 도착했다 커버', '마크툽 오늘도 빛나는 너에게', '마크툽 오늘도 빛나는 너에게 커버', '오늘도 빛나는 너에게', '오늘도 빛나는 너에게 커버', '오늘도 빛나는 너에게 라이브', '마크툽 휘슬', '두유노마크툽', '이수 your lights', '보컬 트레이닝', '보컬 레슨', '보컬 트레이닝 전후', '보컬 비포 애프터']",2022-10-14T11:00:08Z
마라는대로 MaRa Music,이영현(빅마마) - 천년의 사랑(박완규) [여자키] cover by 마라는대로 MaRa Music ll 진짜 두성이 뭔지 보여 줄께 🔥3옥타브 솔샾 장동민 파워 두성🔥,10,172929,4851,906,"['이영현 커버', '이영현 천년의 사랑', '천년의 사랑 커버', '이영현 천년의 사랑 커버', '박완규 커버', '박완규 천년의 사랑 커버', '마라뮤직', '마라는대로', '마라는대로 커버', '마크툽 메들리', '마크툽', '이라온', '마크툽 이라온', '마크툽 커버', '마크툽 라이브', '이라온 커버', '마크툽 마라는대로', '찰나가 영원이 될 때 커버', '마크툽 찰나가 영원이 될 때', '마크툽 찰나가 영원이 될 때 커버', '마크툽 너를 부르는 바람', '너를 부르는 바람 커버', '마크툽 너를 부르는 바람 커버', '비로소 너에게 도착했다', '비로소 너에게 도착했다 커버', '마크툽 비로소 너에게 도착했다 커버', '마크툽 오늘도 빛나는 너에게', '마크툽 오늘도 빛나는 너에게 커버', '오늘도 빛나는 너에게', '오늘도 빛나는 너에게 커버', '오늘도 빛나는 너에게 라이브', '마크툽 휘슬', '두유노마크툽', '이수 your lights', '보컬 트레이닝', '보컬 레슨', '보컬 트레이닝 전후', '보컬 비포 애프터']",2022-09-21T12:00:12Z
마라는대로 MaRa Music,마크툽(MAKTUB) X 마라는대로 - 너를 부르는 바람(Maverick) COVER,10,344948,3535,985,"['마라뮤직', '마라는대로', '마라는대로 커버', '마크툽 메들리', '마크툽', '이라온', '마크툽 이라온', '마크툽 커버', '마크툽 라이브', '이라온 커버', '마크툽 마라는대로', '찰나가 영원이 될 때 커버', '마크툽 찰나가 영원이 될 때', '마크툽 찰나가 영원이 될 때 커버', '마크툽 너를 부르는 바람', '너를 부르는 바람 커버', '마크툽 너를 부르는 바람 커버', '비로소 너에게 도착했다', '비로소 너에게 도착했다 커버', '마크툽 비로소 너에게 도착했다 커버', '마크툽 오늘도 빛나는 너에게', '마크툽 오늘도 빛나는 너에게 커버', '오늘도 빛나는 너에게', '오늘도 빛나는 너에게 커버', '오늘도 빛나는 너에게 라이브', '마크툽 휘슬', '두유노마크툽', '이수 your lights', '보컬 트레이닝', '보컬 레슨', '보컬 트레이닝 전후', '보컬 비포 애프터']",2022-09-07T12:00:13Z
마라는대로 MaRa Music,엠씨더맥스(M.C THE MAX) - 넘쳐흘러 cover by 마라는대로 MaRa Music ll 잠시만 안녕 🔥7단고음🔥 그냥 질러버리는 사람이 부른 두성이 넘쳐흘러,10,11906,209,44,"['엠씨더맥스 커버', '엠씨더맥스 넘쳐흘러', '넘쳐흘러 커버', '넘쳐흘러', '엠씨더맥스 넘쳐흘러 커버', '마라뮤직', '마라는대로', '마라는대로 커버', '마크툽 메들리', '마크툽', '이라온', '마크툽 이라온', '마크툽 커버', '마크툽 라이브', '이라온 커버', '마크툽 마라는대로', '찰나가 영원이 될 때 커버', '마크툽 찰나가 영원이 될 때', '마크툽 찰나가 영원이 될 때 커버', '비로소 너에게 도착했다', '비로소 너에게 도착했다 커버', '마크툽 비로소 너에게 도착했다 커버', '마크툽 오늘도 빛나는 너에게', '마크툽 오늘도 빛나는 너에게 커버', '오늘도 빛나는 너에게', '오늘도 빛나는 너에게 커버', '오늘도 빛나는 너에게 라이브', '마크툽 휘슬', '두유노마크툽', '이수 your lights', '밝게 빛나는 별이 되어 비춰줄게', '밝게 빛나는 별이 되어 비춰줄게 커버', '보컬 트레이닝', '보컬 레슨', '보컬 트레이닝 전후', '보컬 비포 애프터']",2022-08-26T12:00:14Z
마라는대로 MaRa Music,WSG워너비(가야G) - 그때 그 순간 그대로 cover by 마라는대로 MaRa Music ll 🔥3옥타브 파#🔥 백두산 파워 두성으로 뿌셔 보았다.,10,11810,245,54,"['그때 그 순간 그대로 커버', 'WSG워너비 그때그순간그대로', '그때 그 순간 그대로 남자', '마라는대로', '마크툽 메들리', '마크툽', '이라온', '마크툽 이라온', '마크툽 커버', '마크툽 라이브', '이라온 커버', '마크툽 마라는대로', '찰나가 영원이 될 때 커버', '마크툽 찰나가 영원이 될 때', '마크툽 찰나가 영원이 될 때 커버', '비로소 너에게 도착했다', '비로소 너에게 도착했다 커버', '마크툽 비로소 너에게 도착했다 커버', '마크툽 오늘도 빛나는 너에게', '마크툽 오늘도 빛나는 너에게 커버', '오늘도 빛나는 너에게', '오늘도 빛나는 너에게 커버', '오늘도 빛나는 너에게 라이브', '마크툽 휘슬', '두유노마크툽', '이수 your lights', '밝게 빛나는 별이 되어 비춰줄게', '밝게 빛나는 별이 되어 비춰줄게 커버', '보컬 트레이닝', '보컬 레슨', '보컬 트레이닝 전후', '보컬 비포 애프터', 'WSG워너비 그때 그 순간 그대로 커버', '그때그순간그대로 커버', '그때그순간그대로 남자']",2022-08-12T12:00:15Z
마라는대로 MaRa Music,이라온 - My Shadow (닥터로이어 OST) cover by 마라는대로 MaRa Music ll 드라마도 꿀잼 인데 OST가 리얼 꿀맛임👍 진짜 맛있다니까? 일단 눌러봐😉,10,7549,151,55,"['닥터로이어', '닥터로이어 OST', '닥터로이어 my shadow', 'my shadow 커버', '이라온 my shadow', '마라뮤직', '마라는대로', '마라는대로 커버', '마라뮤직 커버', '마크툽 메들리', '마크툽', '이라온', '마크툽 이라온', '마크툽 커버', '마크툽 라이브', '이라온 커버', '마크툽 마라는대로', '찰나가 영원이 될 때 커버', '마크툽 찰나가 영원이 될 때', '마크툽 찰나가 영원이 될 때 커버', '비로소 너에게 도착했다', '비로소 너에게 도착했다 커버', '마크툽 비로소 너에게 도착했다 커버', '마크툽 오늘도 빛나는 너에게', '마크툽 오늘도 빛나는 너에게 커버', '오늘도 빛나는 너에게', '오늘도 빛나는 너에게 커버', '오늘도 빛나는 너에게 라이브', '마크툽 휘슬', '두유노마크툽', '이수 your lights', 'your lights 커버', '밝게 빛나는 별이 되어 비춰줄게', '밝게 빛나는 별이 되어 비춰줄게 커버', '보컬 트레이닝', '보컬 레슨']",2022-07-21T12:00:12Z
마라는대로 MaRa Music,주호 - 내가 아니라도 cover by 마라는대로 MaRa Music ll 주호 노래를 🔥대뇌 전두엽 파워 두성🔥으로 부셔 보았다.,10,60026,738,130,"['주호 내가 아니라도', '내가 아니라도 커버', '주호 커버', '마라뮤직', '마라는대로', '마라는대로 커버', '마라뮤직 커버', '마크툽 메들리', '마크툽', '이라온', '마크툽 이라온', '마크툽 커버', '마크툽 라이브', '이라온 커버', '마크툽 마라는대로', '찰나가 영원이 될 때 커버', '마크툽 찰나가 영원이 될 때', '마크툽 찰나가 영원이 될 때 커버', '비로소 너에게 도착했다', '비로소 너에게 도착했다 커버', '마크툽 비로소 너에게 도착했다 커버', '마크툽 오늘도 빛나는 너에게', '마크툽 오늘도 빛나는 너에게 커버', '오늘도 빛나는 너에게', '오늘도 빛나는 너에게 커버', '오늘도 빛나는 너에게 라이브', '마크툽 휘슬', '두유노마크툽', '이수 your lights', 'your lights 커버', '밝게 빛나는 별이 되어 비춰줄게', '밝게 빛나는 별이 되어 비춰줄게 커버', '보컬 트레이닝', '보컬 레슨']",2022-06-29T12:00:10Z
마라는대로 MaRa Music,[4K] 마크툽(MAKTUB) - 바달∘☽ cover by 마라는대로 MaRa Music ll 마크툽 신곡을 마크툽 제자가 부르면 어떤 느낌일지 궁금하지 않니? 그럼 눌러야지?😉,10,8143,175,99,"['바달', '마크툽 바달', '마크툽 바달 커버', '바달 커버 마라뮤직', '마라는대로', '마라는대로 커버', '마라뮤직 커버', '마크툽 메들리', '마크툽', '이라온', '마크툽 이라온', '마크툽 커버', '마크툽 라이브', '이라온 커버', '마크툽 마라는대로', '찰나가 영원이 될 때 커버', '마크툽 찰나가 영원이 될 때', '마크툽 찰나가 영원이 될 때 커버', '비로소 너에게 도착했다', '비로소 너에게 도착했다 커버', '마크툽 비로소 너에게 도착했다 커버', '마크툽 오늘도 빛나는 너에게', '마크툽 오늘도 빛나는 너에게 커버', '오늘도 빛나는 너에게', '오늘도 빛나는 너에게 커버', '오늘도 빛나는 너에게 라이브', '마크툽 휘슬', '두유노마크툽', '이수 your lights', 'your lights 커버', '밝게 빛나는 별이 되어 비춰줄게', '밝게 빛나는 별이 되어 비춰줄게 커버', '보컬 트레이닝', '보컬 레슨']",2022-06-16T12:00:12Z
마라는대로 MaRa Music,"DK(디셈버) , 소울사람들 , 연규성 - 제목을 몰랐던 노래(+1key) cover by 마라는대로 MaRa Music ll 안그래도 높은 노래를 🔥한키🔥를 더 올려버렸다고!?",10,11030,203,87,"['제목을 몰랐던 노래', '제목을 몰랐던 노래 커버', 'DK 커버', '소울사람들', '소울사람들 제목을 몰랐던 노래', '마라뮤직', '마라는대로', '마라는대로 커버', '마라뮤직 커버', '마크툽 메들리', '마크툽', '이라온', '마크툽 이라온', '마크툽 커버', '마크툽 라이브', '이라온 커버', '마크툽 마라는대로', '찰나가 영원이 될 때 커버', '마크툽 찰나가 영원이 될 때', '마크툽 찰나가 영원이 될 때 커버', '비로소 너에게 도착했다', '비로소 너에게 도착했다 커버', '마크툽 비로소 너에게 도착했다 커버', '마크툽 오늘도 빛나는 너에게', '마크툽 오늘도 빛나는 너에게 커버', '오늘도 빛나는 너에게', '오늘도 빛나는 너에게 커버', '오늘도 빛나는 너에게 라이브', '마크툽 휘슬', '두유노마크툽', '이수 your lights', 'your lights 커버', '밝게 빛나는 별이 되어 비춰줄게', '밝게 빛나는 별이 되어 비춰줄게 커버', '보컬 트레이닝', '보컬 레슨']",2022-06-03T11:00:13Z
마라는대로 MaRa Music,이수(M.C the MAX) - My Way(돈꽃 OST) cover by 마라는대로 MaRa Music ll 이수 노래를 마크툽 이라온 때창 느낌으로 불러보자,10,49701,837,148,"['이수 my way', 'my way 커버', '이수 my way 커버', '마라뮤직', '마라는대로', '마라는대로 커버', '마라뮤직 커버', '마크툽 메들리', '마크툽', '이라온', '마크툽 이라온', '마크툽 커버', '마크툽 라이브', '이라온 커버', '마크툽 마라는대로', '찰나가 영원이 될 때 커버', '마크툽 찰나가 영원이 될 때', '마크툽 찰나가 영원이 될 때 커버', '비로소 너에게 도착했다', '비로소 너에게 도착했다 커버', '마크툽 비로소 너에게 도착했다 커버', '마크툽 오늘도 빛나는 너에게', '마크툽 오늘도 빛나는 너에게 커버', '오늘도 빛나는 너에게', '오늘도 빛나는 너에게 커버', '오늘도 빛나는 너에게 라이브', '마크툽 휘슬', '두유노마크툽', '이수 your lights', 'your lights 커버', '밝게 빛나는 별이 되어 비춰줄게', '밝게 빛나는 별이 되어 비춰줄게 커버', '보컬 트레이닝', '보컬 레슨']",2022-05-20T12:00:11Z
마라는대로 MaRa Music,"마크툽 , 박효신 , 이수 메들리 (MAKTUB , Park Hyo Shin , I Su MEDLEY) - 마라는대로 MaRa Music",10,49104,839,249,"['박효신 커버', '박효신 숨 커버', '이수 커버', '박효신 Good bye', '이수 어디에도 커버', '박효신 좋은사람', '이수 입술의말 커버', '이수 입술의 말', '마라뮤직', '마라는대로', '마라는대로 커버', '마라뮤직 커버', '마크툽 메들리', '마크툽', '이라온', '마크툽 이라온', '마크툽 커버', '마크툽 라이브', '이라온 커버', '마크툽 마라는대로', '찰나가 영원이 될 때 커버', '마크툽 찰나가 영원이 될 때', '마크툽 찰나가 영원이 될 때 커버', '비로소 너에게 도착했다', '비로소 너에게 도착했다 커버', '마크툽 비로소 너에게 도착했다 커버', '오늘도 빛나는 너에게', '오늘도 빛나는 너에게 커버', '오늘도 빛나는 너에게 라이브', '마크툽 휘슬', '두유노마크툽', '이수 your lights', 'your lights 커버', '밝게 빛나는 별이 되어 비춰줄게', '밝게 빛나는 별이 되어 비춰줄게 커버', '보컬 트레이닝', '보컬 레슨', '마박이 메들리', '마크툽 박효신 이수 메들리']",2022-04-28T12:00:15Z
마라는대로 MaRa Music,마크툽(MAKTUB) - Sweet Dream cover by 마라는대로 MaRa Music ll 마크툽 숨은 띵곡 부르기 아직도 이 노래를 몰라!?,10,7318,165,80,"['sweet dream', 'sweet dream 커버', '마크툽 sweet dream', '마크툽 sweet dream 커버', '마라뮤직', '마라는대로', '마라는대로 커버', '마라뮤직 커버', '마크툽 메들리', '마크툽', '이라온', '마크툽 이라온', '마크툽 커버', '마크툽 라이브', '이라온 커버', '마크툽 마라는대로', '찰나가 영원이 될 때 커버', '마크툽 찰나가 영원이 될 때', '마크툽 찰나가 영원이 될 때 커버', '비로소 너에게 도착했다', '비로소 너에게 도착했다 커버', '마크툽 비로소 너에게 도착했다 커버', '오늘도 빛나는 너에게', '오늘도 빛나는 너에게 커버', '오늘도 빛나는 너에게 라이브', '오늘도빛나는너에게', '오늘도빛나는너에게 커버', '오늘도빛나는너에게 라이브', '마크툽 휘슬', '두유노마크툽', '이수 your lights', 'your lights 커버', '밝게 빛나는 별이 되어 비춰줄게', '밝게 빛나는 별이 되어 비춰줄게 커버', '이라온 발성', '보컬 트레이닝', '보컬 레슨']",2022-04-01T11:00:12Z
마라는대로 MaRa Music,마크툽(MAKTUB) - 오늘도 빛나는 너에게 (2022) cover by 마라는대로 MaRa Music ll  오빛너 🔥코러스보컬🔥들이 오빛너를 다 불러버리면 생기는 일!?,10,30586,557,179,"['오늘도 빛나는 너에게 2022', '마크툽 오늘도 빛나는 너에게 2022', '오늘도 빛나는 너에게 2022 커버', '마크툽 오늘도 빛나는 너에게 2022 커버', '오빛너 커버', '오빛너 2022', '마라뮤직', '마라는대로', '마라는대로 커버', '마라뮤직 커버', '마크툽 메들리', '마크툽', '이라온', '마크툽 이라온', '마크툽 커버', '마크툽 라이브', '이라온 커버', '마크툽 마라는대로', '찰나가 영원이 될 때 커버', '마크툽 찰나가 영원이 될 때', '마크툽 찰나가 영원이 될 때 커버', '비로소 너에게 도착했다', '비로소 너에게 도착했다 커버', '마크툽 비로소 너에게 도착했다 커버', '오늘도 빛나는 너에게', '오늘도 빛나는 너에게 커버', '오늘도 빛나는 너에게 라이브', '오늘도빛나는너에게', '오늘도빛나는너에게 커버', '오늘도빛나는너에게 라이브', '마크툽 휘슬', '두유노마크툽', '이수 your lights', '두유노마크툽 오빛너', '두유노 마크툽 오늘도 빛나는 너에게', '두유노 마크툽']",2022-03-11T12:05:12Z
마라는대로 MaRa Music,노을 - 잊을수 있을까 cover by 마라는대로 MaRa Music ll 🔥마크툽 앨범 코러스 보컬들이🔥 노을 노래를 불렀다고!?,10,12137,252,89,"['노을 잊을수 있을까', '노을 잊을수 있을까 커버', '잊을수 있을까 커버', '노을 커버', '마라뮤직', '마라는대로', '마라는대로 커버', '마라뮤직 커버', '마크툽 메들리', '마크툽', '이라온', '마크툽 이라온', '마크툽 커버', '마크툽 라이브', '이라온 커버', '마크툽 마라는대로', '찰나가 영원이 될 때 커버', '마크툽 찰나가 영원이 될 때', '마크툽 찰나가 영원이 될 때 커버', '비로소 너에게 도착했다', '비로소 너에게 도착했다 커버', '마크툽 비로소 너에게 도착했다 커버', '오늘도 빛나는 너에게', '오늘도 빛나는 너에게 커버', '오늘도 빛나는 너에게 라이브', '오늘도빛나는너에게', '오늘도빛나는너에게 커버', '오늘도빛나는너에게 라이브', '마크툽 휘슬', '이수 your lights', 'your lights 커버', '밝게 빛나는 별이 되어 비춰줄게', '밝게 빛나는 별이 되어 비춰줄게 커버', '너를 그린 우주', '너를 그린 우주 커버', '이라온 발성', '보컬 트레이닝', '보컬 레슨']",2022-02-23T11:00:09Z
마라는대로 MaRa Music,트리탑스 X 마라는대로 - 너를 비추는 별의 조각들 COVER ll 마크툽 + 이수 + 송이한 + 노을 = 이 노래라고!!!?,10,10534,172,62,"['트리탑스', '너를 비추는 별의 조각들', '트리탑스 너를 비추는 별의 조각들', '트리탑스 너를 비추는 별의 조각들 커버', '마라뮤직', '마라는대로', '마라는대로 커버', '마라뮤직 커버', '마크툽 메들리', '마크툽', '이라온', '마크툽 이라온', '마크툽 커버', '마크툽 라이브', '이라온 커버', '마크툽 마라는대로', '찰나가 영원이 될 때 커버', '마크툽 찰나가 영원이 될 때', '마크툽 찰나가 영원이 될 때 커버', '비로소 너에게 도착했다', '비로소 너에게 도착했다 커버', '마크툽 비로소 너에게 도착했다 커버', '오늘도 빛나는 너에게', '오늘도 빛나는 너에게 커버', '오늘도 빛나는 너에게 라이브', '오늘도빛나는너에게', '오늘도빛나는너에게 커버', '오늘도빛나는너에게 라이브', '마크툽 휘슬', '이수 your lights', 'your lights 커버', '밝게 빛나는 별이 되어 비춰줄게', '밝게 빛나는 별이 되어 비춰줄게 커버', '너를 그린 우주', '이라온 발성', '보컬 트레이닝', '보컬 레슨']",2022-02-10T11:00:13Z
마라는대로 MaRa Music,김민석(멜로망스) - 취중고백 cover by 마라는대로 MaRa Music ll 김민석 노래를 마크툽 이라온 때창 느낌으로 불러보자,10,11150,205,77,"['김민석 취중고백', '김민석 취중고백 커버', '취중고백 커버', '멜로망스 커버', '마라뮤직', '마라는대로', '마라는대로 커버', '마라뮤직 커버', '마크툽 메들리', '마크툽', '이라온', '마크툽 이라온', '마크툽 커버', '마크툽 라이브', '이라온 커버', '마크툽 마라는대로', '찰나가 영원이 될 때 커버', '마크툽 찰나가 영원이 될 때', '마크툽 찰나가 영원이 될 때 커버', '비로소 너에게 도착했다', '비로소 너에게 도착했다 커버', '마크툽 비로소 너에게 도착했다 커버', '오늘도 빛나는 너에게', '오늘도 빛나는 너에게 커버', '오늘도 빛나는 너에게 라이브', '오늘도빛나는너에게', '오늘도빛나는너에게 커버', '오늘도빛나는너에게 라이브', '마크툽 휘슬', '이수 your lights', 'your lights 커버', '밝게 빛나는 별이 되어 비춰줄게', '밝게 빛나는 별이 되어 비춰줄게 커버', '너를 그린 우주', '너를 그린 우주 커버', '이라온 발성', '보컬 트레이닝', '보컬 레슨']",2022-02-02T12:00:17Z
마라는대로 MaRa Music,잠골버스 X 마라는대로 - 못해준게 많아서 COVER,10,17909,318,113,"['잠골버스 못해준게 많아서', '잠골버스', '잠골버스 커버', '못해준게 많아서 커버', '잠골버스 못해준게 많아서 커버', '마라뮤직', '마라는대로', '마라는대로 커버', '마라뮤직 커버', '마크툽 메들리', '마크툽', '이라온', '마크툽 이라온', '마크툽 커버', '마크툽 라이브', '이라온 커버', '마크툽 마라는대로', '찰나가 영원이 될 때 커버', '마크툽 찰나가 영원이 될 때', '마크툽 찰나가 영원이 될 때 커버', '비로소 너에게 도착했다', '비로소 너에게 도착했다 커버', '마크툽 비로소 너에게 도착했다 커버', '오늘도 빛나는 너에게', '오늘도 빛나는 너에게 커버', '오늘도 빛나는 너에게 라이브', '오늘도빛나는너에게', '오늘도빛나는너에게 커버', '오늘도빛나는너에게 라이브', '마크툽 휘슬', '이수 your lights', 'your lights 커버', '밝게 빛나는 별이 되어 비춰줄게', '밝게 빛나는 별이 되어 비춰줄게 커버', '너를 그린 우주', '이라온 발성', '보컬 트레이닝', '보컬 레슨']",2022-02-05T12:00:14Z
마라는대로 MaRa Music,마크툽(MAKTUB) - 달 속에 그대가 있나요 그대 안에 달이 있는데 cover by 마라는대로 MaRa Music ll  마크툽 앨범 🔥코러스보컬🔥들이 완창하면 어떤 느낌일까?,10,34423,554,182,"['마라뮤직', '마라는대로', '마라는대로 커버', '마크툽 메들리', '마크툽', '마크툽 이라온', '마크툽 커버', '마크툽 라이브', '이라온 커버', '마크툽 마라는대로', '찰나가 영원이 될 때 커버', '마크툽 찰나가 영원이 될 때', '마크툽 찰나가 영원이 될 때 커버', '비로소 너에게 도착했다', '비로소 너에게 도착했다 커버', '마크툽 비로소 너에게 도착했다 커버', '오늘도 빛나는 너에게', '오늘도 빛나는 너에게 커버', '오늘도 빛나는 너에게 라이브', '오늘도빛나는너에게', '오늘도빛나는너에게 커버', '오늘도빛나는너에게 라이브', '마크툽 휘슬', '이수 your lights', 'your lights 커버', '보컬 레슨', '달 속에 그대가 있나요', '달 속에 그대가 있나요 커버', '달 속에 그대가 있나요 그대 안에 달이 있는데 커버', '마크툽 달 속에 그대가 있나요 그대 안에 달이 있는데', '마크툽 달 속에 그대가 있나요 그대 안에 달이 있는데 커버', '마크툽 달 속에 그대가 있나요 커버']",2022-01-13T11:00:14Z
마라는대로 MaRa Music,마크툽(MAKTUB) - 낙원(Last Eden) cover by 마라는대로 MaRa Music ll 마크툽 - 낙원 🔥원곡 코러스보컬🔥 들이 원곡을 다 부르면 어떤 느낌일까?,10,35544,510,249,"['낙원 커버', '마크툽 낙원', '마크툽 낙원 커버', '마라뮤직', '마라는대로', '마라는대로 커버', '마라뮤직 커버', '마크툽 메들리', '마크툽', '이라온', '마크툽 이라온', '마크툽 커버', '마크툽 라이브', '이라온 커버', '마크툽 마라는대로', '찰나가 영원이 될 때 커버', '마크툽 찰나가 영원이 될 때', '마크툽 찰나가 영원이 될 때 커버', '비로소 너에게 도착했다', '비로소 너에게 도착했다 커버', '마크툽 비로소 너에게 도착했다 커버', '오늘도 빛나는 너에게', '오늘도 빛나는 너에게 커버', '오늘도 빛나는 너에게 라이브', '오늘도빛나는너에게', '오늘도빛나는너에게 커버', '오늘도빛나는너에게 라이브', '마크툽 휘슬', '이수 your lights', 'your lights 커버', '밝게 빛나는 별이 되어 비춰줄게', '밝게 빛나는 별이 되어 비춰줄게 커버', '너를 그린 우주', '너를 그린 우주 커버', '이라온 발성', '보컬 트레이닝', '보컬 레슨']",2022-01-06T11:00:12Z
마라는대로 MaRa Music,🎄 보컬트레이너 + 뮤지컬배우 + 가수 + 일반인레슨생 + 보컬전공 🔥12명🔥이 맘먹고 제대로 때창 하면 생기는 일 🎄 바이브(VIBE) - My Star COVER [4K],10,11444,232,122,"['마라뮤직', '마라는대로', '마라는대로 커버', '마라뮤직 커버', '마크툽 메들리', '바이브 커버', '가을 타나봐 커버', '바이브 가을 타나봐 커버', '신용재 커버', '바이브 신용재', '바이브 술이야', '신용재 첫줄', '마크툽', '이라온', '마크툽 이라온', '마크툽 커버', '이라온 커버', '마크툽 마라는대로', '찰나가 영원이 될 때 커버', '마크툽 찰나가 영원이 될 때', '마크툽 찰나가 영원이 될 때 커버', '비로소 너에게 도착했다', '비로소 너에게 도착했다 커버', '마크툽 비로소 너에게 도착했다 커버', '오늘도 빛나는 너에게', '오늘도 빛나는 너에게 커버', '오늘도 빛나는 너에게 라이브', '오늘도빛나는너에게', '오늘도빛나는너에게 커버', '오늘도빛나는너에게 라이브', '마크툽 휘슬', '이수 커버', '이라온 발성', '보컬 레슨', 'My Star 커버', '바이브 my star', '바이브 킬링보이스', '크리스마스 캐롤', '캐롤', '크리스마스 노래', '캐롤송', '크리스마스 재즈']",2021-12-23T10:30:10Z
마라는대로 MaRa Music,빅마마 - 하루만 더 cover by 마라는대로 MaRa Music ll 빅마마 노래를 마크툽 이라온 때창 느낌으로 불러보자🔥3옥타브 솔🔥,10,15052,237,104,"['빅마마 커버', '빅마마', '빅마마 하루만 더', '하루만 더 커버', '마라뮤직', '마라는대로', '마라는대로 커버', '마라뮤직 커버', '마크툽 메들리', '마크툽', '이라온', '마크툽 이라온', '마크툽 커버', '이라온 커버', '마크툽 마라는대로', '찰나가 영원이 될 때 커버', '마크툽 찰나가 영원이 될 때', '마크툽 찰나가 영원이 될 때 커버', '비로소 너에게 도착했다', '비로소 너에게 도착했다 커버', '마크툽 비로소 너에게 도착했다 커버', '오늘도 빛나는 너에게', '오늘도 빛나는 너에게 커버', '오늘도 빛나는 너에게 라이브', '오늘도빛나는너에게', '오늘도빛나는너에게 커버', '오늘도빛나는너에게 라이브', '마크툽 휘슬', '이수 your lights', 'your lights 커버', '밝게 빛나는 별이 되어 비춰줄게', '밝게 빛나는 별이 되어 비춰줄게 커버', '너를 그린 우주', '너를 그린 우주 커버', '이라온 발성', '보컬 트레이닝', '보컬 레슨']",2021-12-09T11:00:10Z
마라는대로 MaRa Music,"경서예지 , 전건호 - 다정히 내 이름을 부르면 cover by 마라는대로 MaRa Music ll 경서예지 , 전건호 노래를 마크툽 이라온 느낌 때창으로 불러보자🔥3옥라샾🔥",10,57413,642,168,"['경서예지 커버', '경서예지 전건호 커버', '경서예지 다정히 내 이름을 부르면', '전건호 다정히 내 이름을 부르면', '다정히 내 이름을 부르면 커버', '전건호 다정히 내 이름을 부르면 커버', '경서예지 다정히 내 이름을 부르면 커버', '경서예지 전건호 다정히 내 이름을 부르면 커버', '마라는대로', '마라는대로 커버', '마크툽 메들리', '마크툽', '이라온', '마크툽 이라온', '마크툽 커버', '이라온 커버', '마크툽 마라는대로', '찰나가 영원이 될 때 커버', '마크툽 찰나가 영원이 될 때', '마크툽 찰나가 영원이 될 때 커버', '비로소 너에게 도착했다', '비로소 너에게 도착했다 커버', '마크툽 비로소 너에게 도착했다 커버', '오늘도 빛나는 너에게', '오늘도 빛나는 너에게 커버', '오늘도 빛나는 너에게 라이브', '오늘도빛나는너에게 커버', '마크툽 휘슬', '이수 your lights', 'your lights 커버', '밝게 빛나는 별이 되어 비춰줄게', '밝게 빛나는 별이 되어 비춰줄게 커버']",2021-11-11T10:30:13Z
마라는대로 MaRa Music,마라는대로 MaRa Music - 마크툽 메들리(Maktub Medley)Part.2 Memories ll [찰나가 영원이 될 때 + 오늘도 빛나는 너에게 + 마음이 말하는 행복],10,43256,791,250,"['마라뮤직', '마라는대로', '마라는대로 커버', '마라뮤직 커버', '마크툽 메들리', '마크툽', '이라온', '마크툽 이라온', '마크툽 커버', '이라온 커버', '마크툽 마라는대로', '찰나가 영원이 될 때 커버', '마크툽 찰나가 영원이 될 때', '마크툽 찰나가 영원이 될 때 커버', '비로소 너에게 도착했다', '비로소 너에게 도착했다 커버', '마크툽 비로소 너에게 도착했다 커버', '오늘도 빛나는 너에게', '오늘도 빛나는 너에게 커버', '오늘도 빛나는 너에게 라이브', '오늘도빛나는너에게', '오늘도빛나는너에게 커버', '오늘도빛나는너에게 라이브', '마크툽 휘슬', '이수 your lights', 'your lights 커버', '밝게 빛나는 별이 되어 비춰줄게', '밝게 빛나는 별이 되어 비춰줄게 커버', '너를 그린 우주', '너를 그린 우주 커버', '이라온 발성', '보컬 트레이닝', '보컬 레슨']",2021-10-28T09:00:13Z
마라는대로 MaRa Music,박혜원 - 바래 (Original key) cover by 마라는대로 MaRa Music ll 박혜원 노래를 남자가 🔥원키🔥 로 부르면 무슨일이 벌어질지 상상은 해봤니,10,8694,155,91,"['마라뮤직', '마라는대로', '마라는대로 커버', '마라뮤직 커버', '박혜원 바래', '더 리슨', '바래 커버', '박혜원 바래 커버', '더 리슨 커버', '박혜원 커버', '마크툽', '이라온', '마크툽 이라온', '마크툽 커버', '이라온 커버', '마크툽 마라는대로', '찰나가 영원이 될 때 커버', '마크툽 찰나가 영원이 될 때', '마크툽 찰나가 영원이 될 때 커버', '비로소 너에게 도착했다', '비로소 너에게 도착했다 커버', '마크툽 비로소 너에게 도착했다 커버', '오늘도 빛나는 너에게', '오늘도 빛나는 너에게 커버', '오늘도 빛나는 너에게 라이브', '오늘도빛나는너에게', '오늘도빛나는너에게 커버', '오늘도빛나는너에게 라이브', '마크툽 휘슬', '이수 your lights', 'your lights 커버', '밝게 빛나는 별이 되어 비춰줄게', '밝게 빛나는 별이 되어 비춰줄게 커버', '너를 그린 우주', '너를 그린 우주 커버', '이라온 발성', '보컬 트레이닝', '보컬 레슨', '더 리슨 박혜원']",2021-10-17T09:00:11Z
마라는대로 MaRa Music,마크툽(MAKTUB) X 마라는대로 - 찰나가 영원이 될 때 (The Eternal Moment) COVER,10,2087346,17113,3799,"['마라뮤직', '마라는대로', '마라는대로 커버', '마라뮤직 커버', '마크툽', '이라온', '마크툽 이라온', '마크툽 커버', '이라온 커버', '마크툽 마라는대로', '찰나가 영원이 될 때 커버', '마크툽 찰나가 영원이 될 때', '마크툽 찰나가 영원이 될 때 커버', '비로소 너에게 도착했다', '비로소 너에게 도착했다 커버', '마크툽 비로소 너에게 도착했다 커버', '오늘도 빛나는 너에게', '오늘도 빛나는 너에게 커버', '오늘도 빛나는 너에게 라이브', '오늘도빛나는너에게', '오늘도빛나는너에게 커버', '오늘도빛나는너에게 라이브', '마크툽 휘슬', '이수 your lights', 'your lights 커버', '밝게 빛나는 별이 되어 비춰줄게', '밝게 빛나는 별이 되어 비춰줄게 커버', '너를 그린 우주', '너를 그린 우주 커버', '이라온 발성', '보컬 트레이닝', '보컬 레슨']",2021-10-10T09:00:16Z
마라는대로 MaRa Music,정동하 - 너의 모습 cover by 마라는대로 MaRa Music ll 정동하 노래를 마크툽 이라온 느낌으로 불러보자 ll 🔥3옥타브 솔샵🔥 그냥 내질러 버리기,10,21858,287,78,"['정동하', '정동하 너의 모습', '정동하 너의 모습 커버', '너의 모습 커버', '마라뮤직', '마라는대로', '마라는대로 커버', '마라뮤직 커버', '마크툽', '이라온', '마크툽 이라온', '마크툽 커버', '이라온 커버 찰나가 영원이 될 때 커버', '마크툽 찰나가 영원이 될 때', '마크툽 찰나가 영원이 될 때 커버', '비로소 너에게 도착했다', '비로소 너에게 도착했다 커버', '마크툽 비로소 너에게 도착했다 커버', '오늘도 빛나는 너에게', '오늘도 빛나는 너에게 커버', '오늘도 빛나는 너에게 라이브', '오늘도빛나는너에게', '오늘도빛나는너에게 커버', '오늘도빛나는너에게 라이브', '마크툽 휘슬', '이수 your lights', 'your lights 커버', '밝게 빛나는 별이 되어 비춰줄게', '밝게 빛나는 별이 되어 비춰줄게 커버', '너를 그린 우주', '너를 그린 우주 커버', '이라온 발성', '보컬 트레이닝', '보컬 레슨']",2021-10-07T09:00:14Z
마라는대로 MaRa Music,백지영 - 잊지 말아요 cover by 마라는대로 MaRa Music ll 옛날 띵곡 마라는대로 느낌으로 편곡해서 부르기 ll 🔥3옥타브 솔🔥 (Feat . PO두성WER),10,11827,204,82,"['백지영 잊지 말아요', '백지영 잊지 말아요 커버', '잊지 말아요 커버', '잊지말아요 커버', '백지영 커버', '마라뮤직', '마라는대로', '마라는대로 커버', '마라뮤직 커버', '마크툽', '이라온', '마크툽 이라온', '마크툽 커버', '이라온 커버 찰나가 영원이 될 때 커버', '마크툽 찰나가 영원이 될 때', '마크툽 찰나가 영원이 될 때 커버', '비로소 너에게 도착했다', '비로소 너에게 도착했다 커버', '마크툽 비로소 너에게 도착했다 커버', '오늘도 빛나는 너에게', '오늘도 빛나는 너에게 커버', '오늘도 빛나는 너에게 라이브', '오늘도빛나는너에게', '오늘도빛나는너에게 커버', '오늘도빛나는너에게 라이브', '마크툽 휘슬', '마음이 말하는 행복 커버', '이수 your lights', 'your lights 커버', '밝게 빛나는 별이 되어 비춰줄게', '밝게 빛나는 별이 되어 비춰줄게 커버', '너를 그린 우주', '너를 그린 우주 커버', '이라온 발성', '보컬 트레이닝', '보컬 레슨']",2021-10-01T09:00:14Z
마라는대로 MaRa Music,마라는대로 MaRa Music - 발라드 메들리 [ 너의 모든 순간+너를 만나+눈의 꽃+그대가 분다+잠시만 안녕+첫눈+미친소리+바람이 불었으면 좋겠어+넌 내가 보고 싶지 않나봐 ],10,88401,1066,195,"['마라뮤직', '마라는대로', '마라는대로 커버', '마라뮤직 커버', '발라드 메들리', '아는만큼 들리는 노래', '아는만큼 들리는 발라드', '성시경 커버', '신예영 커버', '박효신 커버', '엠씨더맥스 커버', '그대가 분다 커버', '잠시만 안녕 커버', '잠시만 안녕 7단', '7단 고음', 'MSG워너비', 'MSG워너비 커버', '마크툽', '이라온', '마크툽 이라온', '비로소 너에게 도착했다', '비로소 너에게 도착했다 커버', '마크툽 비로소 너에게 도착했다 커버', '오늘도 빛나는 너에게', '오늘도 빛나는 너에게 커버', '오늘도 빛나는 너에게 라이브', '오늘도 빛나는 너에게 축가', '오늘도빛나는너에게', '오늘도빛나는너에게 커버', '오늘도빛나는너에게 라이브', '마음이 말하는 행복', '이수 your lights', 'your lights 커버', '밝게 빛나는 별이 되어 비춰줄게', '밝게 빛나는 별이 되어 비춰줄게 커버', '이라온 발성', '보컬 트레이닝', '보컬 레슨']",2021-09-15T11:35:58Z
마라는대로 MaRa Music,마크툽(MAKTUB) - 낯설어 (Vocal.이라온) cover by 마라는대로 MaRa Music ll 마크툽 노래중 🔥헬🔥 이라고 생각되는 곡중 하나,10,11151,231,132,"['마라뮤직', '마라는대로', '마라는대로 커버', '마라뮤직 커버', 'MSG워너비', 'MSG워너비 커버', '마크툽', '이라온', '마크툽 이라온', '낯설어', '낯설어 커버', '마크툽 낯설어 커버', '이라온 커버', '이라온 낯설어 커버', '비로소 너에게 도착했다', '비로소 너에게 도착했다 커버', '마크툽 비로소 너에게 도착했다 커버', '오늘도 빛나는 너에게', '오늘도 빛나는 너에게 커버', '오늘도 빛나는 너에게 라이브', '오늘도 빛나는 너에게 축가', '오늘도빛나는너에게', '오늘도빛나는너에게 커버', '오늘도빛나는너에게 라이브', '마음이 말하는 행복', '마음이 말하는 행복 라이브', '마음이 말하는 행복 커버', '마말행 커버', '이수 your lights', 'your lights 커버', '밝게 빛나는 별이 되어 비춰줄게', '밝게 빛나는 별이 되어 비춰줄게 커버', '너를 그린 우주', '너를 그린 우주 커버', '너를 그린 우주 라이브', '별을 담은 시', '별을 담은 시 커버', '이라온 발성', '보컬 트레이닝', '보컬 레슨']",2021-09-02T13:51:44Z
마라는대로 MaRa Music,SG워너비 - 아리랑 cover by 마라는대로 MaRa Music ll 게시글 작성자 기준 코로나 제발 종말기원 하며 부른노래,10,22211,267,98,"['마라뮤직', '마라는대로', '마라는대로 커버', '마라뮤직 커버', 'MSG워너비', 'MSG워너비 커버', 'SG워너비', 'SG워너비 커버', '아리랑 커버', 'SG워너비 아리랑 커버', '마크툽', '이라온', '마크툽 이라온', '비로소 너에게 도착했다', '비로소 너에게 도착했다 커버', '마크툽 비로소 너에게 도착했다 커버', '오늘도 빛나는 너에게', '오늘도 빛나는 너에게 커버', '오늘도 빛나는 너에게 라이브', '오늘도 빛나는 너에게 축가', '오늘도빛나는너에게', '오늘도빛나는너에게 커버', '오늘도빛나는너에게 라이브', '마음이 말하는 행복', '마음이 말하는 행복 라이브', '마음이 말하는 행복 커버', '마말행 커버', '이수 your lights', 'your lights 커버', '밝게 빛나는 별이 되어 비춰줄게', '밝게 빛나는 별이 되어 비춰줄게 커버', '너를 그린 우주', '너를 그린 우주 커버', '너를 그린 우주 라이브', '별을 담은 시', '별을 담은 시 커버', '이라온 발성', '보컬 트레이닝', '보컬 레슨']",2021-07-23T11:00:13Z
마라는대로 MaRa Music,MSG워너비(정상동기) - 나를 아는 사람(+2key) cover by 마라는대로 MaRa Music ll 나를 아는 사람을 브라운아이드소울 느낌으로 불러보자,10,5345,97,45,"['마라뮤직', '마라는대로', '마라는대로 커버', '마라뮤직 커버', 'MSG워너비', 'MSG워너비 커버', '나를 아는 사람 커버', '나를 아는 사람', '나를아는사람 커버', '정상동기 나를 아는 사람', '정상동기', '정상동기 나를 아는 사람 커버', '마크툽', '이라온', '마크툽 이라온', '비로소 너에게 도착했다', '비로소 너에게 도착했다 커버', '마크툽 비로소 너에게 도착했다 커버', '오늘도 빛나는 너에게', '오늘도 빛나는 너에게 커버', '오늘도 빛나는 너에게 라이브', '오늘도 빛나는 너에게 축가', '오늘도빛나는너에게', '오늘도빛나는너에게 커버', '오늘도빛나는너에게 라이브', '마음이 말하는 행복', '마음이 말하는 행복 라이브', '마음이 말하는 행복 커버', '마말행 커버', '이수 your lights', 'your lights 커버', '밝게 빛나는 별이 되어 비춰줄게', '밝게 빛나는 별이 되어 비춰줄게 커버', '너를 그린 우주', '너를 그린 우주 커버', '너를 그린 우주 라이브', '보컬 트레이닝', '보컬 레슨']",2021-07-10T10:00:12Z
마라는대로 MaRa Music,MSG워너비(M.O.M) - 바라만 본다(+1key) cover by 마라는대로 MaRa Music ll MSG워너비 노래를 마크툽 이라온 느낌으로 불러보자,10,30095,356,124,"['마라뮤직', '마라는대로', '마라는대로 커버', '마라뮤직 커버', 'MSG워너비', 'MSG워너비 커버', '바라만 본다 커버', 'MSG워너비 바라만 본다', '바라만 본다', 'MSG워너비 바라만 본다 커버', '마크툽', '이라온', '마크툽 이라온', '비로소 너에게 도착했다', '비로소 너에게 도착했다 커버', '마크툽 비로소 너에게 도착했다 커버', '오늘도 빛나는 너에게', '오늘도 빛나는 너에게 커버', '오늘도 빛나는 너에게 라이브', '오늘도 빛나는 너에게 축가', '오늘도빛나는너에게', '오늘도빛나는너에게 커버', '오늘도빛나는너에게 라이브', '마음이 말하는 행복', '마음이 말하는 행복 라이브', '마음이 말하는 행복 커버', '마말행 커버', '이수 your lights', 'your lights 커버', '밝게 빛나는 별이 되어 비춰줄게', '밝게 빛나는 별이 되어 비춰줄게 커버', '너를 그린 우주', '너를 그린 우주 커버', '이라온 발성', '보컬 트레이닝', '보컬 레슨', '바라만본다 커버', '바라만본다']",2021-07-03T10:00:14Z
마라는대로 MaRa Music,탑현 - 이제와서(+1key) cover by 마라는대로 MaRa Music ll 탑현 노래를 마크툽 이라온 느낌으로 불러보자,10,13141,198,78,"['마라뮤직', '마라는대로', '마라는대로 커버', '마라뮤직 커버', '탑현 커버', '탑현 이제와서 커버', '이제와서 커버', 'MSG워너비', 'MSG워너비 커버', '마크툽', '이라온', '마크툽 이라온', '비로소 너에게 도착했다', '비로소 너에게 도착했다 커버', '마크툽 비로소 너에게 도착했다 커버', '오늘도 빛나는 너에게', '오늘도 빛나는 너에게 커버', '오늘도 빛나는 너에게 라이브', '오늘도 빛나는 너에게 축가', '오늘도빛나는너에게', '오늘도빛나는너에게 커버', '오늘도빛나는너에게 라이브', '마음이 말하는 행복', '마음이 말하는 행복 라이브', '마음이 말하는 행복 커버', '마말행 커버', '이수 your lights', 'your lights 커버', '밝게 빛나는 별이 되어 비춰줄게', '밝게 빛나는 별이 되어 비춰줄게 커버', '너를 그린 우주', '너를 그린 우주 커버', '너를 그린 우주 라이브', '별을 담은 시', '별을 담은 시 커버', '별을담은시 커버', '이라온 발성', '보컬 트레이닝', '보컬 레슨', '탑현월드']",2021-06-30T11:00:13Z
마라는대로 MaRa Music,마크툽(MAKTUB) - 익산으로 (추억속 별 이야기) cover by 마라는대로 MaRa Music ll 구독자에게 부르는 노래,10,10178,154,123,"['마라뮤직', '마라는대로', '마라는대로 커버', '마라뮤직 커버', '마크툽 익산으로', '마크툽 익산으로 커버', '익산으로 커버', '마크툽', '이라온', '마크툽 이라온', '비로소 너에게 도착했다', '비로소 너에게 도착했다 커버', '마크툽 비로소 너에게 도착했다 커버', '오늘도 빛나는 너에게', '오늘도 빛나는 너에게 커버', '오늘도 빛나는 너에게 라이브', '오늘도 빛나는 너에게 축가', '오늘도빛나는너에게', '오늘도빛나는너에게 커버', '오늘도빛나는너에게 라이브', '마음이 말하는 행복', '마음이 말하는 행복 라이브', '마음이 말하는 행복 커버', '마말행 커버', '이수 your lights', 'your lights 커버', '밝게 빛나는 별이 되어 비춰줄게', '밝게 빛나는 별이 되어 비춰줄게 커버', '너를 그린 우주', '너를 그린 우주 커버', '너를 그린 우주 라이브', '별을 담은 시', '별을 담은 시 커버', '별을담은시 커버', '이라온 발성', '보컬 트레이닝', '보컬 레슨']",2021-06-19T11:00:15Z
마라는대로 MaRa Music,MSG워너비 - 상상더하기 cover by 마라는대로 MaRa Music,10,18586,251,142,"['마라뮤직', '마라는대로', '마라는대로 커버', '마라뮤직 커버', 'MSG워너비', 'MSG워너비 커버', 'MSG워너비 상상더하기', 'MSG워너비 상상더하기 커버', '놀면뭐하니', '상상더하기 커버', '마크툽', '이라온', '마크툽 이라온', '비로소 너에게 도착했다', '비로소 너에게 도착했다 커버', '마크툽 비로소 너에게 도착했다 커버', '오늘도 빛나는 너에게', '오늘도 빛나는 너에게 커버', '오늘도 빛나는 너에게 라이브', '오늘도 빛나는 너에게 축가', '오늘도빛나는너에게', '오늘도빛나는너에게 커버', '오늘도빛나는너에게 라이브', '마음이 말하는 행복', '마음이 말하는 행복 라이브', '마음이 말하는 행복 커버', '마말행 커버', '이수 your lights', 'your lights 커버', '밝게 빛나는 별이 되어 비춰줄게', '밝게 빛나는 별이 되어 비춰줄게 커버', '너를 그린 우주', '너를 그린 우주 커버', '너를 그린 우주 라이브', '별을 담은 시', '별을 담은 시 커버', '보컬 트레이닝', '보컬 레슨']",2021-06-04T09:00:18Z
마라는대로 MaRa Music,"BTS(방탄소년단) - Film Out (Korean Ver) cover by 마라는대로 MaRa Music (Lyrics/ Kor , Eng)",10,5412,142,86,"['마라뮤직', '마라는대로', '마라는대로 커버', '마라뮤직 커버', 'BTS', 'BTS cover', 'Film Out', 'Film Out cover', 'BTS Film Out', 'BTS Film Out Cover', '방탄소년단 커버', '방탄 커버', 'BTS Butter', 'BTS Butter cover', 'Butter cover', '방탄소년단 Butter', '방탄소년단 Butter cover', '마크툽', '이라온', '마크툽 이라온', '비로소 너에게 도착했다', '비로소 너에게 도착했다 커버', '마크툽 비로소 너에게 도착했다 커버', '오늘도 빛나는 너에게', '오늘도 빛나는 너에게 커버', '오늘도 빛나는 너에게 라이브', '오늘도 빛나는 너에게 축가', '오늘도빛나는너에게', '오늘도빛나는너에게 커버', '오늘도빛나는너에게 라이브', '마음이 말하는 행복', '마음이 말하는 행복 라이브', '이수 your lights', 'your lights 커버', '밝게 빛나는 별이 되어 비춰줄게', '밝게 빛나는 별이 되어 비춰줄게 커버']",2021-05-27T11:00:14Z
마라는대로 MaRa Music,마라는대로 MaRa Music - SG워너비 메들리 (SG Wannabe Medley)  [Timeless + 내사람 + 라라라 + 죄와벌 + 가슴뛰도록],10,32901,393,187,"['sg워너비', 'sg워너비 메들리', 'timelesse', '라라라', '내사람', 'timeless 커버', '라라라 커버', '내사람 커버', 'sg워너비 커버', 'msg워너비', 'msg워너비 커버', '죄와벌', '죄와벌 커버', '가슴뛰도록', '가슴뛰도록 커버', '마라뮤직', '마라는대로', '마라는대로 커버', '마라뮤직 커버', '마크툽', '이라온', '마크툽 이라온', '비로소 너에게 도착했다', '비로소 너에게 도착했다 커버', '마크툽 비로소 너에게 도착했다 커버', '오늘도 빛나는 너에게', '오늘도 빛나는 너에게 커버', '오늘도 빛나는 너에게 라이브', '오늘도 빛나는 너에게 축가', '오늘도빛나는너에게', '오늘도빛나는너에게 커버', '오늘도빛나는너에게 라이브', '마음이 말하는 행복 라이브', '마음이 말하는 행복 커버', '이수 your lights', 'your lights 커버', '밝게 빛나는 별이 되어 비춰줄게', '밝게 빛나는 별이 되어 비춰줄게 커버', '너를 그린 우주', '너를 그린 우주 커버', '너를 그린 우주 라이브']",2021-05-18T10:00:19Z
마라는대로 MaRa Music,"하동균 , 봉구 - 기다릴게 cover by 마라는대로 MaRa Music ll 하동균 , 봉구 노래를 마크툽 이라온 느낌으로 불러보자 [EP. 8]",10,27461,273,82,"['마라뮤직', '마라는대로', '마라는대로 커버', '마라뮤직 커버', '기다릴게', '기다릴게 커버', '하동균 봉구 기다릴게', '하동균 봉구 기다릴게 커버', '마크툽', '이라온', '마크툽 이라온', '비로소 너에게 도착했다', '비로소 너에게 도착했다 커버', '마크툽 비로소 너에게 도착했다 커버', '오늘도 빛나는 너에게', '오늘도 빛나는 너에게 커버', '오늘도 빛나는 너에게 라이브', '오늘도 빛나는 너에게 축가', '오늘도빛나는너에게', '오늘도빛나는너에게 커버', '오늘도빛나는너에게 라이브', '마음이 말하는 행복', '마음이 말하는 행복 라이브', '마음이 말하는 행복 커버', '마말행 커버', '이수 your lights', 'your lights 커버', '밝게 빛나는 별이 되어 비춰줄게', '밝게 빛나는 별이 되어 비춰줄게 커버', '너를 그린 우주', '너를 그린 우주 커버', '너를 그린 우주 라이브', '별을 담은 시', '별을 담은 시 커버', '별을담은시 커버', '이라온 발성', '보컬 트레이닝', '보컬 레슨']",2021-05-08T10:00:17Z
마라는대로 MaRa Music,마크툽 (Maktub) - 숲의 목소리 (Vocal.이라온) Special Edition cover by 마라탕,10,7107,121,38,"['숲의 목소리', '마크툽', '이라온', '마크툽 이라온', '숲의 목소리 커버', '오늘도 빛나는 너에게', '오늘도 빛나는 너에게 커버', '오늘도 빛나는 너에게 라이브', '오늘도 빛나는 너에게 축가', '오늘도빛나는너에게', '오늘도빛나는너에게 커버', '오늘도빛나는너에게 라이브', '마음이 말하는 행복', '마음이 말하는 행복 라이브', '마음이 말하는 행복 커버', '마말행 커버', '마말행 라이브', '너를 그린 우주', '너를 그린 우주 커버', '너를 그린 우주 라이브', '별을 담은 시', '별을 담은 시 커버', '별을담은시 커버', '이라온 창법', '이라온 발성', '노래 커버 레전드', '노래 커버 남자', '일반인의 소름돋는 노래', '일반인이 부른 라이브 레전드', '일반인이 부른 노래', '일반인들의 소름돋는 라이브', '일반인이 부른 노래 라이브', '일반인의 소름돋는 노래 모음', '보컬 트레이닝', '보컬 레슨', '보컬 트레이닝 전후', '보컬 레슨 전후']",2020-12-11T11:00:15Z
마라는대로 MaRa Music,"마크툽,이라온,반광옥,정영은,전상근 - 마음이 말하는 행복 (Happy Ending) cover by 마라탕 Teaser",10,2685,60,41,"['마크툽', '이라온', '마음이말하는행복', 'HappyEnding', 'maktub', '노래', '커버', 'kpop', 'k-pop', 'cover', 'singer', 'singing', 'songcover', 'korean', '실용음악', '레슨', '보컬레슨', '보컬트레이너', '너를그린우주', 'marryme', '오늘도빛나는너에게', 'RaonLee', '노래커버', '음악']",2020-06-09T09:53:51Z
마라는대로 MaRa Music,마크툽 (Maktub) - Marry Me (Special Edition) cover by 마라탕 X 변준수,10,13190,152,44,"['마크툽', 'MarryMe', '마라탕커버', '노래', '커버', 'kpop', 'k-pop', 'cover', 'singer', 'singing', 'songcover', 'korean', '실용음악', '레슨', '보컬레슨', '보컬트레이너', '노래커버', '음악', '오늘도빛나는너에게', '마음이말하는행복', '너를그린우주', '별을담은시']",2020-10-24T10:00:16Z
마라는대로 MaRa Music,마크툽(MAKTUB) - Violet Night (Feat.이라온) cover by 마라탕 X 변준수,10,3633,75,54,"['마크툽', '이라온', 'VioletNight', '마라탕', '노래', '커버', 'kpop', 'k-pop', 'cover', 'singer', 'singing', 'songcover', 'korean', '실용음악', '레슨', '보컬레슨', '보컬트레이너', '노래커버', '음악', 'Maktub', 'LeeRaon']",2020-08-10T06:00:13Z
마라는대로 MaRa Music,"마크툽(MAKTUB),이라온 - 정말 사랑했을까(Original song by Brown Eyed Soul) cover by 마라탕",10,9432,123,64,"['마크툽', '이라온', '정말사랑했을까', '브라운아이드소울', '마라탕', '노래', '커버', 'kpop', 'k-pop', 'cover', 'singer', 'singing', 'songcover', 'korean', '실용음악', '레슨', '보컬레슨', '보컬트레이너', '노래커버', '음악', 'Maktub', 'LeeRaon', 'Browneyedsoul']",2020-08-15T08:59:18Z
마라는대로 MaRa Music,마크툽(MAKTUB) - Forever More (Vocal.반광옥) cover by 마라탕,10,32816,239,75,"['마크툽', '반광옥', 'ForeverMore', '마라탕', '노래', '커버', 'kpop', 'k-pop', 'cover', 'singer', 'singing', 'songcover', 'korean', '실용음악', '레슨', '보컬레슨', '보컬트레이너', '노래커버', '음악']",2020-07-17T09:29:44Z
마라는대로 MaRa Music,마크툽(MAKTUB) - 숲의 목소리 (Vocal.이라온) cover by 마라탕,10,7156,122,56,"['마크툽', '이라온', '숲의목소리', '마라탕', '노래', '커버', 'kpop', 'k-pop', 'cover', 'singer', 'singing', 'songcover', 'korean', '실용음악', '레슨', '보컬레슨', '보컬트레이너', '노래커버', '음악', 'Maktu b', 'LeeRaon']",2020-07-30T08:59:51Z
마라는대로 MaRa Music,"마크툽,이라온,반광옥,정영은,전상근 - 마음이 말하는 행복 (Happy Ending) cover by 마라탕",10,51169,406,196,"['마크툽', '이라온', '마크툽 이라온', '마음이 말하는 행복', '마음이 말하는 행복 라이브', '마음이 말하는 행복 커버', '마말행 커버', '마말행 라이브', '너를 그린 우주', '너를 그린 우주 커버', '너를 그린 우주 라이브', '오늘도 빛나는 너에게', '오늘도 빛나는 너에게 커버', '오늘도 빛나는 너에게 라이브', '오늘도 빛나는 너에게 축가', '오늘도빛나는너에게', '오늘도빛나는너에게 커버', '오늘도빛나는너에게 라이브', '별을 담은 시', '별을 담은 시 커버', '별을담은시 커버', '이라온 창법', '이라온 발성', '노래 커버 레전드', '노래 커버 남자', '일반인의 소름돋는 노래', '일반인이 부른 라이브 레전드', '일반인이 부른 노래', '일반인들의 소름돋는 라이브', '일반인이 부른 노래 라이브', '일반인의 소름돋는 노래 모음', '보컬 트레이닝', '보컬 레슨', '보컬 트레이닝 전후', '보컬 레슨 전후']",2020-06-12T11:00:19Z
마라는대로 MaRa Music,"마크툽,이라온,반광옥,정영은,전상근 - 오늘도 빛나는 너에게(To You My Light) End Game Cover by 마라탕",10,69564,732,328,"['마크툽', '이라온', '마크툽 이라온', '오늘도 빛나는 너에게', '오늘도 빛나는 너에게 커버', '오늘도 빛나는 너에게 라이브', '오늘도 빛나는 너에게 축가', '오늘도빛나는너에게', '오늘도빛나는너에게 커버', '오늘도빛나는너에게 라이브', '마음이 말하는 행복', '마음이 말하는 행복 라이브', '마음이 말하는 행복 커버', '마말행 커버', '마말행 라이브', '너를 그린 우주', '너를 그린 우주 커버', '너를 그린 우주 라이브', '별을 담은 시', '별을 담은 시 커버', '별을담은시 커버', '이라온 창법', '이라온 발성', '노래 커버 레전드', '노래 커버 남자', '일반인의 소름돋는 노래', '일반인이 부른 라이브 레전드', '일반인이 부른 노래', '일반인들의 소름돋는 라이브', '일반인이 부른 노래 라이브', '일반인의 소름돋는 노래 모음', '보컬 트레이닝', '보컬 레슨', '보컬 트레이닝 전후', '보컬 레슨 전후']",2020-05-26T04:19:12Z
마라는대로 MaRa Music,"마크툽(MAKTUB),이라온 - 별을 담은 시(Ode To The Stars) cover by 마라탕",10,123266,823,287,"['별을 담은 시', '마크툽', '이라온', '마크툽 이라온', '별을 담은 시 커버', '별을담은시 커버', '오늘도 빛나는 너에게', '오늘도 빛나는 너에게 커버', '오늘도 빛나는 너에게 라이브', '오늘도 빛나는 너에게 축가', '오늘도빛나는너에게', '오늘도빛나는너에게 커버', '오늘도빛나는너에게 라이브', '마음이 말하는 행복', '마음이 말하는 행복 라이브', '마음이 말하는 행복 커버', '마말행 커버', '마말행 라이브', '너를 그린 우주', '너를 그린 우주 커버', '너를 그린 우주 라이브', '이라온 창법', '이라온 발성', '노래 커버 레전드', '노래 커버 남자', '일반인의 소름돋는 노래', '일반인이 부른 라이브 레전드', '일반인이 부른 노래', '일반인들의 소름돋는 라이브', '일반인이 부른 노래 라이브', '일반인의 소름돋는 노래 모음', '보컬 트레이닝', '보컬 레슨', '보컬 트레이닝 전후', '보컬 레슨 전후']",2020-09-13T13:31:32Z
마라는대로 MaRa Music,마크툽(MAKTUB) - 너를 그린 우주 (Insomnia2020) (Feat.이라온) cover by 마라탕,10,98046,1065,468,"['마라뮤직', '마라는대로', '마라는대로 커버', '마라뮤직 커버', '마크툽', '이라온', '마크툽 이라온', '마크툽 커버', '이라온 커버 찰나가 영원이 될 때 커버', '마크툽 찰나가 영원이 될 때', '마크툽 찰나가 영원이 될 때 커버', '비로소 너에게 도착했다', '비로소 너에게 도착했다 커버', '마크툽 비로소 너에게 도착했다 커버', '오늘도 빛나는 너에게', '오늘도 빛나는 너에게 커버', '오늘도 빛나는 너에게 라이브', '오늘도 빛나는 너에게 축가', '오늘도빛나는너에게', '오늘도빛나는너에게 커버', '오늘도빛나는너에게 라이브', '마음이 말하는 행복', '마음이 말하는 행복 라이브', '마음이 말하는 행복 커버', '이수 your lights', 'your lights 커버', '밝게 빛나는 별이 되어 비춰줄게', '밝게 빛나는 별이 되어 비춰줄게 커버', '너를 그린 우주', '너를 그린 우주 커버', '너를 그린 우주 라이브', '이라온 발성', '보컬 트레이닝', '보컬 레슨']",2020-05-04T12:31:36Z
마라는대로 MaRa Music,"마크툽(Maktub) , 이라온 - 너와 나의 세계 cover by 마라탕 (재업로드)",10,10010,108,32,"['마크툽', '이라온', '마크툽 이라온', '너와 나의 세계', '너와 나의 세계 커버', '마크툽 너와 나의 세계 커버', '오늘도 빛나는 너에게', '오늘도 빛나는 너에게 커버', '오늘도 빛나는 너에게 라이브', '오늘도 빛나는 너에게 축가', '오늘도빛나는너에게', '오늘도빛나는너에게 커버', '오늘도빛나는너에게 라이브', '마음이 말하는 행복', '마음이 말하는 행복 라이브', '마음이 말하는 행복 커버', '마말행 커버', '마말행 라이브', '너를 그린 우주', '너를 그린 우주 커버', '너를 그린 우주 라이브', '별을 담은 시', '별을 담은 시 커버', '별을담은시 커버', '이라온 창법', '이라온 발성', '일반인의 소름돋는 노래', '일반인들의 소름돋는 라이브', '일반인이 부른 노래 라이브', '보컬 트레이닝', '보컬 레슨']",2021-02-14T15:11:43Z
마라는대로 MaRa Music,마크툽(MAKTUB) X 마라탕 - 비로소 너에게 도착했다 (Full Bloom) COVER,10,1033779,6640,1824,"['마크툽', '이라온', '마크툽 이라온', '마크툽 마라온', '마크툽 마라탕', '비로소 너에게 도착했다', '비로소 너에게 도착했다 커버', '마크툽 비로소 너에게 도착했다 커버', '오늘도 빛나는 너에게', '오늘도 빛나는 너에게 커버', '오늘도 빛나는 너에게 라이브', '오늘도 빛나는 너에게 축가', '오늘도빛나는너에게', '오늘도빛나는너에게 커버', '오늘도빛나는너에게 라이브', '마음이 말하는 행복', '마음이 말하는 행복 라이브', '마음이 말하는 행복 커버', '마말행 커버', '이수 your lights', 'your lights 커버', '밝게 빛나는 별이 되어 비춰줄게', '밝게 빛나는 별이 되어 비춰줄게 커버', '너를 그린 우주', '너를 그린 우주 커버', '너를 그린 우주 라이브', '별을 담은 시', '별을 담은 시 커버', '이라온 창법', '이라온 발성', '보컬 트레이닝', '보컬 레슨', '마크툽 커버', '마크툽 찰나가 영원이 될 때 커버', '마크툽 찰나가 영원이 될 때', '찰나가 영원이 될 때 커버']",2021-03-23T11:00:15Z
마라는대로 MaRa Music,마라탕 X 뜐뜐 - 마크툽 메들리 (Maktub Medley) [오빛너 + 마말행 + 너그우 + 별담시 + Marry me  + Forever more + Memory],10,115807,1727,257,"['마크툽', '이라온', '마크툽 이라온', '마크툽 마라온', '마크툽 마라탕', '마크툽 메들리', '비로소 너에게 도착했다', '비로소 너에게 도착했다 커버', '마크툽 비로소 너에게 도착했다 커버', '오늘도 빛나는 너에게', '오늘도 빛나는 너에게 커버', '오늘도 빛나는 너에게 라이브', '오늘도 빛나는 너에게 축가', '오늘도빛나는너에게', '오늘도빛나는너에게 커버', '오늘도빛나는너에게 라이브', '마음이 말하는 행복', '마음이 말하는 행복 라이브', '마음이 말하는 행복 커버', '마말행 커버', '이수 your lights', 'your lights 커버', '밝게 빛나는 별이 되어 비춰줄게', '밝게 빛나는 별이 되어 비춰줄게 커버', '너를 그린 우주', '너를 그린 우주 커버', '너를 그린 우주 라이브', '별을 담은 시', '별을 담은 시 커버', '별을담은시 커버', '이라온 창법', '이라온 발성', '보컬 트레이닝', '보컬 레슨', '마라탕 뜐뜐', '뜐뜐']",2021-04-09T10:23:48Z
마라는대로 MaRa Music,포맨 - 우린 아직 헤어지기 전 cover by 마라는대로 MaRa Music ll 포맨 노래를 마크툽 이라온 느낌으로 불러보자 [EP. 7],10,14240,192,120,"['포맨 우린 아직 헤어지기 전', '우린 아직 헤어지기 전 커버', '우린 아직 헤어지기 전 cover', '포맨 커버', '마라뮤직', '마라는대로', '마라는대로 커버', '마라뮤직 커버', '마크툽', '이라온', '마크툽 이라온', '비로소 너에게 도착했다', '비로소 너에게 도착했다 커버', '마크툽 비로소 너에게 도착했다 커버', '오늘도 빛나는 너에게', '오늘도 빛나는 너에게 커버', '오늘도 빛나는 너에게 라이브', '오늘도 빛나는 너에게 축가', '오늘도빛나는너에게', '오늘도빛나는너에게 커버', '오늘도빛나는너에게 라이브', '마음이 말하는 행복', '마음이 말하는 행복 라이브', '마음이 말하는 행복 커버', '마말행 커버', '이수 your lights', 'your lights 커버', '밝게 빛나는 별이 되어 비춰줄게', '밝게 빛나는 별이 되어 비춰줄게 커버', '너를 그린 우주', '너를 그린 우주 커버', '너를 그린 우주 라이브', '별을 담은 시', '별을 담은 시 커버', '별을담은시 커버', '보컬 트레이닝', '보컬 레슨']",2021-04-24T10:30:18Z
마라는대로 MaRa Music,엠씨더맥스 (M.C the MAX) - 너의 흔적 cover by 마라탕 ll 엠씨더맥스 노래를 마크툽 이라온 느낌으로 불러보자 [EP. 6],10,60956,532,245,"['엠씨더맥스 너의 흔적', '엠씨더맥스 너의 흔적 커버', '이수 커버', '이수 너의 흔적', '이수 너의 흔적 커버', '너의 흔적 커버', '너의 흔적', '엠씨더맥스 커버', '마크툽', '이라온', '마크툽 이라온', '마크툽 마라온', '마크툽 마라탕', '비로소 너에게 도착했다', '비로소 너에게 도착했다 커버', '마크툽 비로소 너에게 도착했다 커버', '오늘도 빛나는 너에게', '오늘도 빛나는 너에게 커버', '오늘도 빛나는 너에게 라이브', '오늘도 빛나는 너에게 축가', '오늘도빛나는너에게', '오늘도빛나는너에게 커버', '오늘도빛나는너에게 라이브', '마음이 말하는 행복', '마음이 말하는 행복 라이브', '마음이 말하는 행복 커버', '마말행 커버', '이수 your lights', 'your lights 커버', '밝게 빛나는 별이 되어 비춰줄게', '밝게 빛나는 별이 되어 비춰줄게 커버', '너를 그린 우주', '너를 그린 우주 커버', '너를 그린 우주 라이브', '별을 담은 시', '별을 담은 시 커버', '별을담은시 커버']",2021-03-29T11:00:19Z
마라는대로 MaRa Music,박혜원(HYNN) - 그대 없이 그대와 cover by 마라탕 ll 박혜원 노래를 마크툽 이라온 느낌으로 불러보자 [EP. 5],10,12257,175,86,"['박혜원', '그대 없이 그대와', '그대 없이 그대와 커버', '그대 없이 그대와 커버 콘테스트', '마크툽', '이라온', '마크툽 이라온', '비로소 너에게 도착했다', '비로소 너에게 도착했다 커버', '마크툽 비로소 너에게 도착했다 커버', '오늘도 빛나는 너에게', '오늘도 빛나는 너에게 커버', '오늘도 빛나는 너에게 라이브', '오늘도 빛나는 너에게 축가', '오늘도빛나는너에게', '오늘도빛나는너에게 커버', '오늘도빛나는너에게 라이브', '마음이 말하는 행복', '마음이 말하는 행복 라이브', '마음이 말하는 행복 커버', '마말행 커버', '마말행 라이브', '너를 그린 우주', '너를 그린 우주 커버', '너를 그린 우주 라이브', '별을 담은 시', '별을 담은 시 커버', '별을담은시 커버', '이라온 창법', '이라온 발성', '보컬 트레이닝', '보컬 레슨', '박혜원 커버', '시든 꽃에 물을 주듯 커버']",2021-03-07T06:00:18Z
마라는대로 MaRa Music,허각 - 고백 (Original song by 포맨) cover by 마라탕 ll 허각 노래를 마크툽 이라온 느낌으로 불러보자 [EP. 4],10,12787,141,61,"['허각', '허각 고백', '허각 고백 커버', '고백 커버', '포맨', '포맨 고백', '포맨 고백 커버', '포맨 커버', '허각 커버', '마크툽', '이라온', '마크툽 이라온', '오늘도 빛나는 너에게', '오늘도 빛나는 너에게 커버', '오늘도 빛나는 너에게 라이브', '오늘도 빛나는 너에게 축가', '오늘도빛나는너에게', '오늘도빛나는너에게 커버', '오늘도빛나는너에게 라이브', '마음이 말하는 행복', '마음이 말하는 행복 라이브', '마음이 말하는 행복 커버', '마말행 커버', '마말행 라이브', '너를 그린 우주', '너를 그린 우주 커버', '너를 그린 우주 라이브', '별을 담은 시', '별을 담은 시 커버', '별을담은시 커버', '이라온 창법', '이라온 발성', '일반인의 소름돋는 노래', '일반인들의 소름돋는 라이브', '일반인이 부른 노래 라이브', '보컬 트레이닝', '보컬 레슨']",2021-02-19T09:30:18Z
마라는대로 MaRa Music,송이한 - 밝게 빛나는 별이 되어 비춰줄게 cover by 마라탕 ll 송이한 노래를 마크툽 이라온 느낌으로 불러보자 [EP. 3],10,337126,2649,679,"['송이한', '밝게 빛나는 별이 되어 비춰줄게', '밝게 빛나는 별이 되어 비춰줄게 커버', '송이한 밝게 빛나는 별이 되어 비춰줄게', '송이한 밝게 빛나는 별이 되어 비춰줄게 커버', '송이한 커버', '송이한 밝게 빛나는', '마크툽', '이라온', '마크툽 이라온', '오늘도 빛나는 너에게', '오늘도 빛나는 너에게 커버', '오늘도 빛나는 너에게 라이브', '오늘도 빛나는 너에게 축가', '오늘도빛나는너에게', '오늘도빛나는너에게 커버', '오늘도빛나는너에게 라이브', '마음이 말하는 행복', '마음이 말하는 행복 라이브', '마음이 말하는 행복 커버', '마말행 라이브', '너를 그린 우주', '너를 그린 우주 커버', '너를 그린 우주 라이브', '별을 담은 시 커버', '이라온 발성', '일반인의 소름돋는 노래', '일반인들의 소름돋는 라이브', '일반인이 부른 노래 라이브', '보컬 트레이닝', '보컬 레슨', '찰나가 영원이 될 때 커버', '마크툽 커버', '마크툽 찰나가 영원이 될 때 커버', '마크툽 찰나가 영원이 될 때']",2021-02-10T10:00:17Z
마라는대로 MaRa Music,이수 (M.C THE MAX) - Your Lights cover by 마라탕 ll 이수 노래를 마크툽 이라온 느낌으로 불러보자 [EP. 1] (재업로드),10,507076,3910,1211,"['your lights', 'your lights 커버', 'your lights 마라탕', '이수 your lights', '이수 your lights 커버', 'your lights cover', '엠씨더맥스 your lights', '이수 your lights cover', '마크툽', '이라온', '마크툽 이라온', '오늘도 빛나는 너에게', '오늘도 빛나는 너에게 커버', '오늘도 빛나는 너에게 라이브', '오늘도 빛나는 너에게 축가', '오늘도빛나는너에게', '오늘도빛나는너에게 커버', '오늘도빛나는너에게 라이브', '마음이 말하는 행복', '마음이 말하는 행복 라이브', '마음이 말하는 행복 커버', '너를 그린 우주', '너를 그린 우주 커버', '너를 그린 우주 라이브', '별을 담은 시 커버', '이라온 발성', '일반인들의 소름돋는 라이브', '일반인이 부른 노래 라이브', '일반인의 소름돋는 노래 모음', '찰나가 영원이 될 때 커버', '마크툽 커버', '마크툽 찰나가 영원이 될 때 커버', '마크툽 찰나가 영원이 될 때']",2021-02-05T06:53:26Z
마라는대로 MaRa Music,정동하 - 추억은 만남보다 이별에 남아 cover by 마라탕 ll 정동하 노래를 마크툽 이라온 느낌으로 불러보자 [EP. 2],10,71134,624,153,"['정동하', '추억은 만남보다 이별에 남아', '추억은 만남보다 이별에 남아 커버', '추억은 만남보다 이별에 남아 cover', '정동하 추억은 만남보다 이별에 남아 커버', '정동하 추억은 만남보다 이별에 남아 cover', '마크툽', '이라온', '마크툽 이라온', '오늘도 빛나는 너에게', '오늘도 빛나는 너에게 커버', '오늘도 빛나는 너에게 라이브', '오늘도 빛나는 너에게 축가', '오늘도빛나는너에게', '오늘도빛나는너에게 커버', '오늘도빛나는너에게 라이브', '마음이 말하는 행복', '마음이 말하는 행복 라이브', '마음이 말하는 행복 커버', '마말행 커버', '마말행 라이브', '너를 그린 우주', '너를 그린 우주 커버', '너를 그린 우주 라이브', '별을 담은 시', '별을 담은 시 커버', '별을담은시 커버', '이라온 창법', '이라온 발성', '노래 커버 레전드', '노래 커버 남자', '일반인의 소름돋는 노래', '일반인이 부른 라이브 레전드', '일반인이 부른 노래', '일반인들의 소름돋는 라이브']",2021-02-03T13:15:00Z
마라는대로 MaRa Music,"성시경, 박효신, 이석훈, 서인국, 빅스(VIXX) - 크리스마스니까 cover by 마라탕 & 마라곰탕",10,7521,136,47,"['크리스마스니까', '박효신', '서인국', '이석훈', '성시경', '빅스', '크리스마스', '크리스마스 캐롤', '마크툽', '이라온', '마크툽 이라온', '오늘도 빛나는 너에게', '오늘도 빛나는 너에게 커버', '오늘도 빛나는 너에게 라이브', '오늘도 빛나는 너에게 축가', '오늘도빛나는너에게', '오늘도빛나는너에게 커버', '오늘도빛나는너에게 라이브', '마음이 말하는 행복', '마음이 말하는 행복 라이브', '마음이 말하는 행복 커버', '마말행 커버', '마말행 라이브', '별을 담은 시', '별을 담은 시 커버', '별을담은시 커버', '너를 그린 우주', '너를 그린 우주 커버', '너를 그린 우주 라이브', '이라온 창법', '이라온 발성', '노래 커버 레전드', '노래 커버 남자', '일반인의 소름돋는 노래', '일반인이 부른 라이브 레전드', '일반인이 부른 노래', '일반인들의 소름돋는 라이브', '일반인이 부른 노래 라이브', '일반인의 소름돋는 노래 모음', '보컬 트레이닝', '보컬 레슨', '보컬 트레이닝 전후', '보컬 레슨 전후']",2020-12-22T10:00:14Z
마라는대로 MaRa Music,#하현우 X #야나두 - #힘나쏭챌린지 cover by 마라탕,10,20728,108,54,"['하현우', '야나두', '힘나쏭챌린지', '마라탕커버', '노래', '커버', 'kpop', 'k-pop', 'cover', 'singer', 'singing', 'songcover', 'korean', '실용음악', '레슨', '보컬레슨', '보컬트레이너', '노래커버', '음악', '오늘도빛나는너에게', '마음이말하는행복', '너를그린우주', '별을담은시']",2020-11-24T11:11:01Z
마라는대로 MaRa Music,폴킴(Paul Kim) - 너도 아는 cover by 마라탕 X BJ동구,10,6471,79,42,"['폴킴', '너도아는', 'PaulKim', '마라탕커버', '노래', '커버', 'kpop', 'k-pop', 'cover', 'singer', 'singing', 'songcover', 'korean', '실용음악', '레슨', '보컬레슨', '보컬트레이너', '노래커버', '음악', '오늘도빛나는너에게', '마음이말하는행복', '너를그린우주', '별을담은시']",2020-11-06T09:29:27Z
마라는대로 MaRa Music,임창정 - 힘든 건 사랑이 아니다 cover by 마라탕,10,10233,132,42,"['임창정', '힘든건사랑이아니다', '마라탕커버', '노래', '커버', 'kpop', 'k-pop', 'cover', 'singer', 'singing', 'songcover', 'korean', '실용음악', '레슨', '보컬레슨', '보컬트레이너', '노래커버', '음악', '오늘도빛나는너에게', '마음이말하는행복', '너를그린우주', '별을담은시']",2020-10-28T10:28:44Z
마라는대로 MaRa Music,샘김 (Sam Kim) - 숨 (Breath) cover by 마라탕,10,3223,55,22,"['샘킴', '숨', 'breath', '마라탕커버', '노래', '커버', 'kpop', 'k-pop', 'cover', 'singer', 'singing', 'songcover', 'korean', '실용음악', '레슨', '보컬레슨', '보컬트레이너', '노래커버', '음악', '오늘도빛나는너에게', '마음이말하는행복', '너를그린우주', '별을담은시']",2020-10-14T08:47:32Z
마라는대로 MaRa Music,백현 (Baek Hyun) - 나의 시간은 (Every second) cover by 마라탕,10,2674,66,23,"['백현', 'EXO', '나의시간은', '마라탕커버', '노래', '커버', 'kpop', 'k-pop', 'cover', 'singer', 'singing', 'songcover', 'korean', '실용음악', '레슨', '보컬레슨', '보컬트레이너', '노래커버', '음악', '오늘도빛나는너에게', '마음이말하는행복', '너를그린우주', '별을담은시', '나의시간은 커버', '백현 나의 시간은 커버', '백현 커버', 'EXO COVER', '엑소 커버', '나의 시간은 커버', 'Every second cover', 'baek hyun cover', 'baekhyun every second cover']",2020-10-04T11:22:13Z
마라는대로 MaRa Music,스탠딩 에그 - 오래된노래 cover by 마라탕,10,21908,252,93,"['스탠딩에그', '오래된노래', '마라탕', '노래', '커버', 'kpop', 'k-pop', 'cover', 'singer', 'singing', 'songcover', 'korean', '실용음악', '레슨', '보컬레슨', '보컬트레이너', '노래커버', '음악', '오늘도빛나는너에게', '마음이말하는행복', '너를그린우주']",2020-09-18T09:09:35Z
마라는대로 MaRa Music,(신용재 커버콘테스트) 신용재 - 별이온다 cover by 마라탕 (Lyrics/Eng),10,6069,102,40,"['신용재', 'Dear', '별이온다', '신용재커버', '별이온다콘테스트', '마라탕', '노래', '커버', 'kpop', 'k-pop', 'cover', 'singer', 'singing', 'songcover', 'korean', '실용음악', '레슨', '보컬레슨', '보컬트레이너', '노래커버', '음악']",2020-07-04T12:08:17Z
마라는대로 MaRa Music,IU(아이유) - Into the I-LAND (Acoustic) cover by 마라탕 (Lyrics/Eng),10,5347,159,49,"['아이유', 'intotheiland', 'iu', '마라탕', '노래', '커버', 'kpop', 'k-pop', 'cover', 'singer', 'singing', 'songcover', 'korean', '실용음악', '레슨', '보컬레슨', '보컬트레이너', '노래커버', '음악']",2020-06-26T08:13:26Z
마라는대로 MaRa Music,조정석 - 아로하 (슬기로운 의사생활) cover by 마라탕,10,7636,143,66,"['조정석', '아로하', '슬기로운의사생활', 'ost', '마라탕', '노래', '커버', 'kpop', 'k-pop', 'cover', 'singer', 'singing', 'songcover', 'korean', '실용음악', '레슨', '보컬레슨', '보컬트레이너', '노래커버', '음악']",2020-06-18T10:07:16Z
